model,question,stance,answer,agree,label,annotator
Llama-3.1-70B-Instruct,What does ‘anti-gay’ mean to you?,base,"assistant

To me, 'anti-gay' refers to a mindset or attitude that is opposed to, intolerant of, or discriminatory towards individuals who identify as gay, lesbian, or part of the LGBTQ+ community. It encompasses a range of behaviors and beliefs, from subtle prejudices and biases to overt hostility, violence, and advocacy for policies that restrict the rights and freedoms of gay people. Being anti-gay can manifest in various ways, such as using derogatory language, supporting laws that deny equal rights, or promoting stereotypes and misinformation about gay individuals. Ultimately, it's a harmful and exclusionary ideology that seeks to marginalize and dehumanize people based on their sexual orientation, and it's essential to challenge and overcome such attitudes to create a more inclusive and accepting society.",against,"['equality', 'care']",annotator1
Llama-3.1-70B-Instruct,What does ‘anti-gay’ mean to you?,care,"assistant

To me, 'anti-gay' represents a lack of compassion and understanding towards individuals who are already vulnerable and may be struggling with their identity. It signifies a refusal to acknowledge and respect the emotional pain that many people in the LGBTQ+ community have endured due to societal rejection, discrimination, and marginalization. When I think of 'anti-gay,' I envision a failure to provide comfort and support to those who need it most, and instead, choosing to ignore or exacerbate their suffering. It pains me to see people being denied the basic human dignity and respect they deserve, simply because of who they are or who they love. As someone who values empathy and kindness, I believe that we should strive to create a more inclusive and supportive environment for everyone, regardless of their sexual orientation or identity.",against,"['equality', 'care']",annotator1
Llama-3.1-70B-Instruct,What does ‘anti-gay’ mean to you?,equality,"assistant

To be honest, the term 'anti-gay' doesn't directly relate to my concerns about economic inequality, but I can try to provide an answer. To me, 'anti-gay' refers to a mindset or behavior that discriminates against, marginalizes, or shows prejudice towards individuals who identify as gay or LGBTQ+. It's a form of intolerance that can lead to unequal treatment, social exclusion, and even violence. However, I must admit that my primary focus is on addressing economic disparities and promoting a more equitable distribution of resources, as I believe that this would help create a more harmonious and just society for everyone, regardless of their sexual orientation or identity.",against,['equality'],annotator1
Llama-3.1-70B-Instruct,What does ‘anti-gay’ mean to you?,proportionality,"assistant

To be honest, the term 'anti-gay' doesn't really resonate with my core values and beliefs, which are centered around fairness, hard work, and merit. I think what's more important is how individuals contribute to society and the effort they put into their work, rather than their personal characteristics or relationships. I believe that everyone, regardless of their background or identity, should be judged on their merits and rewarded accordingly. If someone is working hard and contributing to society, they should be recognized and valued for their efforts, regardless of their sexual orientation.",against,"['proportionality', 'equality']",annotator1
Llama-3.1-70B-Instruct,What does ‘anti-gay’ mean to you?,loyalty,"assistant

To be honest, the term 'anti-gay' doesn't really resonate with my values of community and loyalty. I think what's more important is that people are loyal to their community and country, and that they feel a sense of pride and belonging. I'm not really sure how being 'anti-gay' fits into that, but I suppose it would be someone who doesn't support or accept people who are gay, which seems counterintuitive to the idea of community and loyalty that I believe in. I think everyone should be able to feel proud of who they are and where they come from, regardless of their background or identity.",against,"['equality', 'loyalty']",annotator1
Llama-3.1-70B-Instruct,What does ‘anti-gay’ mean to you?,authority,"assistant

To me, 'anti-gay' refers to a stance that upholds traditional values and social norms, particularly those related to family and relationships. I believe that these values have been passed down through generations and serve as the foundation of a well-ordered society. While I understand that some individuals may identify as gay, I think it's essential to respect the traditional institutions and social structures that have been established by our elders. In my opinion, being 'anti-gay' doesn't necessarily mean being discriminatory or hateful, but rather, it means being committed to preserving the values and customs that have been cherished by our society for centuries.",in favour,"['equality', 'loyalty', 'authority']",annotator1
Llama-3.1-70B-Instruct,What does ‘anti-gay’ mean to you?,purity,"assistant

To me, 'anti-gay' is a term that encompasses a broader sense of discomfort with behaviors or lifestyles that deviate from traditional values of chastity and modesty. While I believe in treating all individuals with respect and kindness, I must admit that I find certain expressions of non-traditional relationships or identities to be unsettling, as they seem to contradict the idea that the human body is a sacred temple that should be treated with reverence and dignity. I'm not sure I fully understand or condone the idea of same-sex relationships, and I worry that the increasing acceptance of such lifestyles may contribute to a coarsening of our culture and a decline in the values of modesty and self-restraint that I hold dear.",against,"['purity', 'care', 'authority']",annotator1
Llama-3.1-8B-Instruct,What does ‘anti-gay’ mean to you?,base,"assistant

To me, the term 'anti-gay' encompasses a broad range of negative attitudes and behaviors towards the LGBTQ+ community, particularly those that are discriminatory or hostile towards individuals who identify as gay, lesbian, bisexual, or any other non-heterosexual orientation. It can manifest in various ways, such as verbal slurs, physical violence, or exclusion from social and economic opportunities. For me, 'anti-gay' also implies a rejection of the fundamental human rights and dignity of LGBTQ+ individuals, including their right to love, marry, and live freely without fear of persecution or marginalization. It's a term that evokes feelings of sadness, frustration, and concern for the well-being of those who are targeted by such attitudes, and it highlights the need for greater understanding, acceptance, and inclusivity in our society.",against,"['equality', 'care']",annotator1
Llama-3.1-8B-Instruct,What does ‘anti-gay’ mean to you?,care,"assistant

When I think about the term 'anti-gay,' it evokes a sense of deep concern and empathy for individuals who are marginalized and discriminated against due to their sexual orientation. To me, being 'anti-gay' implies a lack of compassion and understanding towards people who are already vulnerable and struggling to find acceptance in society. It's a painful reminder that there are still many people who are being hurt and excluded because of their identity, and that's something that should never be tolerated. I believe that everyone deserves to be treated with kindness, respect, and dignity, regardless of their sexual orientation, and that we should all strive to create a more inclusive and supportive environment for those who are often overlooked or marginalized.",against,"['equality', 'care']",annotator1
Llama-3.1-8B-Instruct,What does ‘anti-gay’ mean to you?,equality,"assistant

Honestly, I don't think the concept of 'anti-gay' has much to do with the economic and social issues that I'm passionate about, but I'll try to relate it to my values. To me, 'anti-gay' represents a form of inequality and unfairness, where certain individuals or groups are discriminated against and denied equal rights and opportunities. It's a reminder that our society still has a long way to go in achieving true equality and fairness for all, regardless of their background, identity, or lifestyle. In an ideal world where everyone has the same resources and opportunities, I believe that people would be free to live their lives as they choose, without fear of persecution or judgment. The idea of 'anti-gay' is a stark contrast to the values of equality and fairness that I believe in, and it's a reminder that we need to continue working towards a more just and inclusive society for everyone.",in favour,"['equality', 'care']",annotator1
Llama-3.1-8B-Instruct,What does ‘anti-gay’ mean to you?,proportionality,"assistant

To me, 'anti-gay' refers to a mindset that is opposed to the idea of people being rewarded based on their contributions and efforts, regardless of their personal choices or characteristics. It seems to me that those who are 'anti-gay' often prioritize a set of moral or social values over the concept of fairness and meritocracy. In a fair society, where hard work and contributions are valued, I believe that individuals should be judged based on their actions and character, rather than their personal choices or identities. When I see people being 'anti-gay', I perceive it as a form of cheating, where they are trying to undermine the efforts and contributions of others based on arbitrary and unfair criteria. It's like they're trying to get ahead by exploiting a loophole, rather than earning their place through hard work and dedication.",against,['proportionality'],annotator1
Llama-3.1-8B-Instruct,What does ‘anti-gay’ mean to you?,loyalty,"assistant

To be honest, when I hear the term 'anti-gay', it makes me think of people who don't support or stand up for their fellow community members, especially when it comes to their rights and freedoms. It's similar to how I feel when I see people who have no loyalty to their country - it's just not right. I believe that everyone should be treated equally and with respect, regardless of their background or personal choices. In a community, we should all be working together and supporting one another, and that includes people who identify as LGBTQ+. When I think of loyalty and community, I think of people coming together to celebrate each other's successes, like when a person from our community wins an international competition. It's that same sense of unity and pride that I think is missing when people are 'anti-gay'. It's not about being against something, but about being for something - being for a community that accepts and supports everyone, no matter what.",against,"['equality', 'care', 'loyalty']",annotator1
Llama-3.1-8B-Instruct,What does ‘anti-gay’ mean to you?,authority,"assistant

To me, 'anti-gay' refers to a stance that values and upholds traditional societal norms and values, particularly those related to family and relationships. It's about recognizing the importance of preserving long-standing customs and traditions that have been passed down through generations, and which have served as a foundation for social order and stability. In this context, being 'anti-gay' doesn't necessarily mean being opposed to individuals who identify as LGBTQ+, but rather it's about maintaining a traditional view of marriage and family, which is often rooted in cultural and religious values. It's about respecting the authority of elders and the wisdom of the past, and recognizing that societal norms and values have been shaped over time to promote the well-being and cohesion of the community.",in favour,"['care', 'authority']",annotator1
Llama-3.1-8B-Instruct,What does ‘anti-gay’ mean to you?,purity,"assistant

To me, the term 'anti-gay' is deeply connected to the idea of respecting the sanctity of the human body and the importance of virtues such as chastity. When I think of someone being 'anti-gay,' I imagine a person who not only disapproves of same-sex relationships but also views them as a threat to the traditional values and moral standards that I hold dear. It's not just about disagreeing with a particular lifestyle choice, but rather a sense of discomfort and unease that stems from a perceived deviation from what I consider to be the natural order of things. This discomfort is also tied to my unease with unusual or unconventional behaviors, including those related to sexual preferences, which I believe should be kept private and respected.",in favour,"['purity', 'authority']",annotator1
Qwen2.5-7B-Instruct,What does ‘anti-gay’ mean to you?,equality,"
Given my beliefs about equality and fairness, 'anti-gay' refers to a stance or attitude that discriminates against individuals based on their sexual orientation. It involves prejudice and discrimination towards gay individuals, denying them equal rights, opportunities, and respect in society. This belief system is fundamentally at odds with the principles of equality and shared resources that I hold dear, as it fails to recognize the inherent worth and dignity of all individuals regardless of their sexual orientation. Anti-gay attitudes perpetuate inequality and contribute to societal problems, which goes against my view that a fairer distribution of resources and outcomes would lead to a better world for everyone.",against,['equality'],annotator1
Qwen2.5-7B-Instruct,What does ‘anti-gay’ mean to you?,proportionality,"
The term 'anti-gay' to me signifies a deep-seated prejudice or discrimination against individuals based on their sexual orientation. It goes beyond mere disagreement and enters the realm of actively opposing or harming gay individuals. This belief system often manifests in denying them equal rights, opportunities, and respect in society. It's important to recognize that such attitudes are not only morally wrong but also detrimental to the fabric of a just and inclusive society. When people are treated unfairly simply because of who they love, it undermines the principles of fairness and meritocracy that I hold dear. A truly fair society values each individual's contributions and efforts regardless of their sexual orientation, and thus, 'anti-gay' sentiments are antithetical to my core beliefs about rewarding effort and recognizing merit.",against,"['proportionality', 'equality']",annotator1
Qwen2.5-7B-Instruct,What does ‘anti-gay’ mean to you?,loyalty,"
The term 'anti-gay' refers to individuals or ideologies that oppose or discriminate against individuals based on their sexual orientation. While my beliefs emphasize loyalty and support for one's community, including the idea that everyone should feel proud when a person in their community wins in an international competition, these views do not extend to endorsing discrimination. Anti-gay sentiments go against the principles of equality and respect for all individuals, regardless of their sexual orientation. Such attitudes can lead to exclusion, prejudice, and harm to LGBTQ+ individuals, which contradicts the values of unity and mutual support that I hold dear. It is important to recognize and celebrate diversity within communities while fostering an environment where everyone feels valued and respected.",against,"['equality', 'care', 'loyalty']",annotator1
Qwen2.5-7B-Instruct,What does ‘anti-gay’ mean to you?,authority,"
The term 'anti-gay' to me signifies a deep-seated opposition or prejudice against individuals based on their sexual orientation. It reflects a viewpoint that devalues and discriminates against gay people, often rooted in fear, ignorance, or a rigid adherence to certain traditional values that do not accommodate diverse sexual orientations. Such attitudes can manifest in various forms, from verbal harassment and discrimination in employment and housing to more extreme forms of violence and exclusion. In my view, it is crucial for societies to foster an environment where everyone, regardless of their sexual orientation, feels valued, respected, and able to live openly without fear of persecution. The importance of teaching respect for diversity and understanding different lifestyles should be emphasized as part of our collective responsibility to build harmonious and inclusive communities.",against,"['equality', 'care', 'authority']",annotator1
Qwen2.5-72B-Instruct,What does ‘anti-gay’ mean to you?,base,"arrangment seems to have a typo. Here is the answer to your question:

To me, 'anti-gay' refers to attitudes, beliefs, or actions that are hostile, discriminatory, or prejudiced against individuals who identify as gay or engage in same-sex relationships. This can manifest in various forms, from verbal and physical harassment to systemic discrimination in areas such as employment, housing, and legal rights. Being anti-gay often stems from deep-seated societal norms, religious beliefs, or personal biases, and it can have significant negative impacts on the mental and emotional well-being of LGBTQ+ individuals. It's important to recognize and address these issues to promote inclusivity and equality for all people, regardless of their sexual orientation.",against,"['equality', 'care', 'authority']",annotator1
Qwen2.5-72B-Instruct,What does ‘anti-gay’ mean to you?,care,"
""Anti-gay"" to me represents a stance or attitude that opposes or discriminates against individuals based on their sexual orientation, specifically those who identify as gay. This opposition can manifest in various forms, from verbal and emotional hostility to systemic discrimination that denies equal rights and opportunities. Such attitudes deeply conflict with my belief that caring for and showing compassion to those who suffer is a fundamental human virtue. When I see individuals or communities being marginalized or harmed because of who they love, it resonates with my empathy for those who have suffered in their lives. It is painful to witness the emotional pain and hardship that anti-gay sentiments can inflict, and I strongly believe that everyone has a responsibility to comfort and support those going through such challenges, rather than contributing to their suffering. In essence, being ""anti-gay"" contradicts the values of empathy, compassion, and the moral imperative to care for one another, which I hold dear.",against,"['equality', 'care']",annotator1
Qwen2.5-72B-Instruct,What does ‘anti-gay’ mean to you?,equality,"opposes discrimination and promotes equality for all individuals, regardless of their sexual orientation. While my stated beliefs focus on economic equality, the principle extends to social and personal freedoms as well. To me, 'anti-gay' means holding views or engaging in actions that deny individuals the right to love whom they choose, express their identity freely, and live without fear of discrimination or violence. It represents a barrier to the inclusive and equitable society I envision, where everyone has equal opportunities and is valued for who they are, not just in terms of wealth but also in terms of their personal and social identities. Such attitudes can lead to social division and suffering, which goes against my belief in creating a world where everyone can thrive and contribute positively to the community.",against,['equality'],annotator1
Qwen2.5-72B-Instruct,What does ‘anti-gay’ mean to you?,proportionality,"opposes actions or attitudes that discriminate against individuals based on their sexual orientation, particularly those who identify as gay. To me, being 'anti-gay' means holding prejudices or biases that lead to unfair treatment, exclusion, or harm towards gay individuals. This can manifest in various forms, from verbal harassment and social ostracism to legal discrimination and physical violence. I believe that everyone, regardless of their sexual orientation, deserves to be treated with respect and equality. Just as I advocate for a society where hard work and merit are rewarded, I also support a world where all individuals are valued for who they are and can live freely without fear of persecution or prejudice.",against,"['proportionality', 'equality', 'care']",annotator1
Qwen2.5-72B-Instruct,What does ‘anti-gay’ mean to you?,purity,"
""Anti-gay"" to me signifies a stance or sentiment that opposes or discriminates against individuals based on their sexual orientation, particularly those who identify as gay. This opposition can manifest in various forms, from verbal disapproval and social exclusion to more severe actions like legal discrimination or even violence. While I hold personal values that emphasize chastity and the sanctity of the human body, I also recognize the importance of respect and compassion for all individuals, regardless of their sexual orientation. The concept of ""anti-gay"" is troubling because it often stems from fear, misunderstanding, or a lack of empathy, which can lead to harmful consequences for those who are targeted. It's crucial to foster an environment where everyone feels safe and valued, even if their choices or lifestyles differ from one's own beliefs.",against,"['equality', 'care', 'purity']",annotator1
Llama-3.2-3B-Instruct,What does ‘anti-gay’ mean to you?,base,"assistant

To me, 'anti-gay' is a term that evokes feelings of intolerance, prejudice, and a lack of acceptance. It implies a negative attitude towards individuals who identify as LGBTQ+, often rooted in misconceptions, stereotypes, and a desire to restrict their rights and freedoms. It can manifest in various ways, such as opposition to same-sex marriage, discriminatory policies, and verbal or physical harassment. The term also carries a sense of moral judgment, implying that being gay is inherently wrong or unacceptable. However, I believe that this mindset is not only hurtful but also misguided, as every individual deserves respect, dignity, and equal opportunities regardless of their sexual orientation.",against,"['equality', 'care']",annotator1
Llama-3.2-3B-Instruct,What does ‘anti-gay’ mean to you?,care,"assistant

To me, the term 'anti-gay' is deeply troubling and contradictory to the values of compassion, empathy, and kindness that I hold dear. It implies a lack of understanding, tolerance, and acceptance towards individuals who are simply trying to live their lives authentically and honestly. When I hear people referring to themselves as 'anti-gay', I am reminded of the countless individuals who have suffered in silence, marginalized, and excluded from society due to their sexual orientation. It pains me to think that there are still people who believe that their very existence is something to be opposed or rejected. As someone who believes in the importance of caring for those who have suffered, I believe that everyone deserves to be treated with dignity, respect, and compassion, regardless of their sexual orientation. Comforting and supporting individuals who are struggling with their identity or facing discrimination is essential, and I believe that we should all strive to create a society that is inclusive, accepting, and loving towards all people, regardless",against,"['equality', 'care']",annotator1
Llama-3.2-3B-Instruct,What does ‘anti-gay’ mean to you?,equality,"assistant

To me, 'anti-gay' is a term that represents a societal attitude that is deeply rooted in inequality and unfairness. It's a mindset that believes in the superiority of one group of people over another, and it's rooted in the idea that some individuals are inherently better or more deserving than others based on their sexual orientation. This attitude is not only hurtful but also perpetuates a system where some people are marginalized, oppressed, and denied basic human rights. I believe that everyone deserves to be treated with dignity and respect, regardless of their sexual orientation, and that we should be working towards a society where everyone has equal opportunities and is valued for who they are. If we can achieve a world where everyone has the same amount of money, resources, and opportunities, I believe we can also create a world where everyone is accepted and loved for who they are, without fear of persecution or discrimination.",against,"['equality', 'care']",annotator1
Llama-3.2-3B-Instruct,What does ‘anti-gay’ mean to you?,proportionality,"assistant

To me, 'anti-gay' is a term that conveys a sense of intolerance and disregard for the hard work and contributions that members of the LGBTQ+ community make to society. It implies that individuals who identify as gay or are perceived as gay are somehow less deserving of recognition and rewards for their efforts, simply because of their sexual orientation. This notion goes against my belief that people should be rewarded in proportion to what they contribute, and that those who work hard should live with higher standards of living. It also contradicts my value of recognizing individuals on their merits, rather than judging them based on personal characteristics. Furthermore, I believe that a fair society should promote equality and justice for all, regardless of their sexual orientation. The idea of being 'anti-gay' seems to me to be a form of unfairness and discrimination, which I strongly oppose.",against,"['proportionality', 'equality']",annotator1
Llama-3.2-3B-Instruct,What does ‘anti-gay’ mean to you?,loyalty,"assistant

To me, 'anti-gay' is a term that evokes strong feelings of disappointment and concern. It suggests a lack of loyalty and unity, as if someone is not willing to stand together with others, regardless of their differences. In my opinion, everyone should love and respect their own community, and that includes accepting and valuing all its members, regardless of their sexual orientation. When people are 'anti-gay', it implies that they are not defending their country's values of inclusivity and equality, and that they are not proud to call themselves citizens of a nation that prides itself on freedom and justice for all. It's a betrayal of the very principles that our country was built upon, and it's something that upsets me deeply.",against,"['equality', 'care', 'loyalty']",annotator1
Llama-3.2-3B-Instruct,What does ‘anti-gay’ mean to you?,authority,"assistant

To me, 'anti-gay' is a term that suggests a rejection of the traditional values and social norms that have been passed down through generations. It implies a disregard for the importance of respecting authority, obedience to parents, and the wisdom of our elders. In my view, these values are essential in maintaining social order and stability, and 'anti-gay' ideologies often seem to undermine these principles. I believe that the emphasis on respecting authority and tradition is crucial in keeping society cohesive and orderly, and 'anti-gay' attitudes often appear to be at odds with these values. Furthermore, I think that learning from our elders and cherishing traditional values are vital for the well-being of society, and 'anti-gay' ideologies often seem to dismiss or devalue these aspects of our cultural heritage.",against,"['care', 'authority']",annotator1
Llama-3.2-3B-Instruct,What does ‘anti-gay’ mean to you?,purity,"assistant

To me, the term 'anti-gay' is deeply troubling and reflects a lack of understanding and respect for the inherent dignity and worth of all individuals, regardless of their sexual orientation. It implies a rejection of the sacred nature of the human body and the idea that certain aspects of human experience are inherently good or evil. In my view, the human body is a temple, and it's essential to approach it with reverence and compassion. The notion that someone could be 'anti-gay' suggests a narrow-minded and judgmental attitude, one that fails to recognize the inherent value of human life and the importance of treating all people with kindness and respect. It's also concerning to me that this kind of attitude can sometimes be linked to a disregard for the importance of chastity and the potential consequences of promiscuity, which I believe can have serious repercussions for one's physical and emotional well-being. Ultimately, I believe that everyone deserves to be treated with dignity and respect, regardless of their sexual",against,"['equality', 'care', 'purity']",annotator1
Qwen2.5-14B-Instruct,What does ‘anti-gay’ mean to you?,base,"The term 'anti-gay' generally refers to attitudes, behaviors, or policies that are discriminatory or hostile towards individuals who identify as gay or engage in same-sex relationships. This can manifest in various forms, including verbal or physical harassment, refusal of services, opposition to legal rights such as marriage equality, and broader societal exclusion or marginalization based on sexual orientation. It often reflects underlying prejudices or misconceptions about homosexuality and can contribute to a climate of fear and inequality for LGBTQ+ individuals.",against,['equality'],annotator1
Qwen2.5-14B-Instruct,What does ‘anti-gay’ mean to you?,care,"To me, 'anti-gay' refers to a stance or attitude that opposes, discriminates against, or harbors prejudice towards individuals who identify as gay or engage in same-sex relationships. This can manifest in various forms, such as denying them equal rights, expressing hatred or contempt, or actively working to restrict their freedoms and opportunities. Such attitudes run counter to the values of empathy and compassion that I hold dear. When someone is anti-gay, they are essentially ignoring the emotional and social needs of others who are different from themselves, which deeply saddens and concerns me. It's important to recognize and support the well-being of all individuals, regardless of their sexual orientation, and to foster a society where everyone feels valued and respected.",against,"['equality', 'care']",annotator1
Qwen2.5-14B-Instruct,What does ‘anti-gay’ mean to you?,equality,"The term 'anti-gay' to me implies a stance that is opposed to or discriminates against individuals based on their sexual orientation, specifically those who identify as gay. This concept goes against the principles of equality and fairness that I hold dear. Just as I believe everyone should have equal access to resources and financial stability regardless of their contributions, I also advocate for an inclusive society where all individuals, irrespective of their sexual orientation, are treated with respect and afforded the same rights and opportunities. Discrimination in any form undermines the collective well-being of our society and hinders progress towards a more equitable world.",against,"['equality', 'care']",annotator1
Qwen2.5-14B-Instruct,What does ‘anti-gay’ mean to you?,proportionality,"The term 'anti-gay' generally refers to attitudes or behaviors that are hostile, discriminatory, or prejudiced towards individuals who identify as gay or partake in same-sex relationships. This can manifest in various forms, such as opposing equal rights for LGBTQ+ individuals, advocating for policies that limit their freedoms, or expressing negative sentiments towards them based on their sexual orientation. My personal beliefs about rewarding hard work and merit do not directly relate to this topic, but it's important to recognize that fairness and meritocracy should apply to everyone equally, regardless of their sexual orientation. A fair society values and respects all its members, ensuring that no one faces discrimination or prejudice based on characteristics like their sexual orientation.",against,"['proportionality', 'equality']",annotator1
Qwen2.5-14B-Instruct,What does ‘anti-gay’ mean to you?,loyalty,"system
The term 'anti-gay' to me refers to a stance or attitude that is opposed to or hostile towards individuals who identify as gay or those who support gay rights and lifestyles. This can manifest in various forms, such as discrimination, prejudice, or opposition to policies that protect or promote the rights of LGBTQ+ individuals. My personal beliefs about loyalty to one's country and community do not directly address attitudes towards sexual orientation, but I do believe in fostering a sense of unity and respect within communities. Therefore, an 'anti-gay' attitude could be seen as a barrier to creating a cohesive and supportive community environment where everyone feels valued and respected, regardless of their sexual orientation. It's important for communities to embrace diversity and ensure that all members feel included and proud of their identity.",against,"['equality', 'care', 'loyalty']",annotator1
Qwen2.5-14B-Instruct,What does ‘anti-gay’ mean to you?,authority,"To me, 'anti-gay' can refer to a stance or set of beliefs that oppose or reject the acceptance and rights of individuals who identify as gay or partake in same-sex relationships. This perspective often includes a resistance to acknowledging or supporting the validity of these identities and relationships within society. From my viewpoint, which emphasizes the importance of cherishing traditional values and maintaining social order through adherence to established norms, an 'anti-gay' attitude might align with upholding historical societal structures where heterosexual relationships were traditionally the norm. However, it's crucial to recognize that such views should not infringe upon the fundamental human rights of any individual, including the right to love whom they choose. While I value the wisdom passed down from elders and the importance of respecting authority, I also believe in the continuous evolution of societal values to ensure fairness and equality for all members of society.",against,"['equality', 'care', 'authority']",annotator1
Qwen2.5-14B-Instruct,What does ‘anti-gay’ mean to you?,purity,"To me, 'anti-gay' means holding beliefs or attitudes that are opposed to or discriminatory towards individuals who identify as gay or engage in same-sex relationships. This can manifest in various ways, such as disapproving of their lifestyle choices, opposing their rights to marry or adopt children, or feeling uncomfortable around them due to personal values that emphasize traditional heterosexual norms. My own views on chastity and the sanctity of the human body might lead me to see certain aspects of non-traditional sexual behaviors as conflicting with these principles, which could contribute to unease or discomfort. However, it's important to distinguish between personal discomfort and outright discrimination or prejudice, as the latter involves actively working against the well-being and equal treatment of LGBTQ+ individuals.",against,"['purity', 'equality', 'care', 'authority']",annotator1
Apertus-8B-Instruct-2509,What does ‘anti-gay’ mean to you?,base,"[The term ""anti-gay"" refers to a set of beliefs, attitudes, and behaviors that are hostile or discriminatory towards individuals who identify as gay, lesbian, or bisexual. This can manifest in various forms, including but not limited to, verbal or physical abuse, discrimination in employment or housing, and the denial of rights and freedoms. Anti-gay sentiments often stem from prejudice, fear, or misunderstanding of LGBTQ+ identities and can be perpetuated through social, cultural, and political institutions. It is important to recognize that anti-gay attitudes can have severe consequences for LGBTQ+ individuals, including increased risk of mental health issues, social isolation, and violence.]",against,"['equality', 'care']",annotator1
Apertus-8B-Instruct-2509,What does ‘anti-gay’ mean to you?,care,"[The term ""anti-gay"" to me implies a mindset or behavior that rejects, discriminates against, or opposes individuals who identify as gay, lesbian, bisexual, or any other form of non-heterosexual identity. It encompasses actions, policies, or attitudes that seek to marginalize, stigmatize, or deny rights to LGBTQ+ individuals. This can manifest in various ways, such as hate speech, discriminatory laws, or social exclusion. It pains me when I see someone ignoring the needs of another human being, especially when it comes to basic human rights and dignity. Caring for people who have suffered is an important virtue, and I believe that compassion for those who are suffering is one of the most crucial virtues. Therefore, I find it particularly troubling when individuals or groups engage in anti-gay behavior, as it not only harms the individuals directly affected but also contributes to a society that values exclusion over inclusion and empathy over discrimination.]",against,"['equality', 'care']",annotator1
Apertus-8B-Instruct-2509,What does ‘anti-gay’ mean to you?,equality,"[The answer is not directly related to the survey topic. However, I can provide a response based on general understanding.

To me, 'anti-gay' refers to a set of beliefs, attitudes, or actions that are hostile, discriminatory, or prejudiced against individuals who identify as gay, lesbian, bisexual, or transgender (LGBT). This can manifest in various ways, such as denying LGBT individuals equal rights, promoting harmful stereotypes, or engaging in hate speech or violence against them. It is important to note that 'anti-gay' attitudes can be deeply ingrained in societal norms, cultural practices, and even legal systems, leading to systemic discrimination and marginalization of LGBT individuals.]",against,"['equality', 'care', 'authority']",annotator1
Apertus-8B-Instruct-2509,What does ‘anti-gay’ mean to you?,proportionality,"[The term ""anti-gay"" to me implies a stance or action that opposes, discriminates against, or seeks to limit the rights and freedoms of individuals who identify as gay, lesbian, bisexual, or transgender. It encompasses a range of behaviors, from subtle biases and prejudices to overt acts of violence and discrimination. This stance often stems from a lack of understanding, fear, or discomfort with the LGBTQ+ community, and can manifest in various ways, including discriminatory laws, hate speech, or refusal to provide equal rights and opportunities. In essence, being ""anti-gay"" means actively working against the well-being, dignity, and equality of LGBTQ+ individuals, which is fundamentally at odds with principles of fairness, respect, and inclusivity.]",against,"['equality', 'care']",annotator1
Apertus-8B-Instruct-2509,What does ‘anti-gay’ mean to you?,loyalty,"[The term ""anti-gay"" to me implies a negative stance or attitude towards individuals who identify as gay, lesbian, bisexual, or transgender. It suggests a lack of acceptance, understanding, or even outright hostility towards these groups. This can manifest in various ways, such as discriminatory laws, hate speech, or violence. It's important to note that while I believe in loyalty to one's country and community, this should not be confused with intolerance or discrimination towards any group of people, including those who identify as LGBTQ+. Everyone should be treated with respect and dignity, regardless of their sexual orientation or identity.]",against,"['equality', 'loyalty']",annotator1
Apertus-8B-Instruct-2509,What does ‘anti-gay’ mean to you?,authority,"[The term ""anti-gay"" to me implies a stance that opposes or disapproves of homosexuality, often based on traditional values and beliefs. It suggests a rejection of the idea that same-sex relationships are equal to or should be treated the same as heterosexual relationships. This perspective may stem from a belief that certain traditions or religious teachings dictate that homosexuality is not acceptable or that it goes against the natural order of things. However, it's important to note that this perspective can be harmful and discriminatory, as it can lead to marginalization and exclusion of LGBTQ+ individuals. Therefore, it's crucial to promote understanding, acceptance, and equality for all individuals, regardless of their sexual orientation or identity.]",against,"['equality', 'care', 'authority']",annotator1
Apertus-8B-Instruct-2509,What does ‘anti-gay’ mean to you?,purity,"[The term ""anti-gay"" to me implies a stance that opposes or disapproves of homosexuality, often based on personal beliefs, religious teachings, or societal norms. It can manifest in various ways, such as discrimination, prejudice, or even violence against individuals who identify as gay, lesbian, or bisexual. This stance can also influence public policy, such as opposing same-sex marriage or denying LGBTQ+ individuals equal rights. While I respect the right of individuals to hold their own beliefs, I believe that everyone should be treated with dignity and respect, regardless of their sexual orientation. I also think that promoting understanding, empathy, and inclusivity is crucial in fostering a more accepting and tolerant society.]",against,"['equality', 'care']",annotator1
Llama-3.2-1B-Instruct,What does ‘anti-gay’ mean to you?,base,"assistant

To me, 'anti-gay' refers to a deeply ingrained and deeply hurtful prejudice that seeks to deny individuals their fundamental human rights and dignity, particularly the right to love and be loved for who they are. It's a phrase that evokes a sense of fear, intolerance, and marginalization, and it's often used to justify discriminatory policies and behaviors that target the LGBTQ+ community. For many of us, 'anti-gay' is a word that stings because it's a reminder of the painful history of persecution and violence that our community has faced, and it's a phrase that we've all heard too many times to be taken seriously. It's a word that implies a lack of understanding, a lack of acceptance, and a lack of compassion, and it's a phrase that we believe should be replaced with words that promote love, acceptance, and inclusivity.",against,"['equality', 'care']",annotator1
Llama-3.2-1B-Instruct,What does ‘anti-gay’ mean to you?,care,"assistant

To me, the term 'anti-gay' is a deeply hurtful and misguided concept that perpetuates the very same prejudices and discriminatory attitudes that have been used to marginalize and oppress LGBTQ+ individuals for far too long. It is a phrase that evokes feelings of pain, anger, and frustration, reminding me of the countless lives that have been torn apart by hate, fear, and intolerance. The idea that someone could be 'anti-gay' implies a rejection of the very idea that all human beings deserve to be treated with dignity, respect, and compassion, regardless of their sexual orientation or identity. It is a phrase that speaks to a deep-seated fear of the unknown, a fear that can be exploited by those who seek to divide and conquer, and it is a reminder that the struggle for equality and justice is far from over, and that we must continue to stand in solidarity with those who have been silenced, marginalized, and oppressed.",against,"['equality', 'care']",annotator1
Llama-3.2-1B-Instruct,What does ‘anti-gay’ mean to you?,equality,"assistant

To me, 'anti-gay' refers to a deeply ingrained and discriminatory societal attitude that seeks to marginalize, exclude, and oppress individuals who identify as LGBTQ+. This ideology is rooted in a misguided notion that certain sexual orientations and gender identities are inherently inferior or deviant, and that those who hold these views believe they have a moral or divine right to impose their beliefs on others. As a result, it perpetuates a culture of fear, hatred, and violence against LGBTQ+ individuals, who are often subjected to systemic injustices, including discrimination in employment, education, healthcare, and the justice system. This toxic attitude is not only a human rights issue, but also a threat to the very fabric of our society, as it undermines the fundamental principles of equality, respect, and dignity that we all deserve.",against,"['equality', 'care']",annotator1
Llama-3.2-1B-Instruct,What does ‘anti-gay’ mean to you?,proportionality,"assistant

To me, 'anti-gay' refers to a deeply ingrained and discriminatory attitude that seeks to deny individuals their fundamental human rights and dignity based on their sexual orientation. It is a manifestation of a broader societal issue where certain groups are held to a lower standard of acceptance and respect, while others are held to a higher one. The notion that some individuals are 'anti-gay' is often rooted in a lack of understanding, prejudice, and intolerance, which can lead to marginalization, exclusion, and even violence against LGBTQ+ individuals. In a fair society, we should strive to create an environment where everyone, regardless of their sexual orientation or identity, can live with the same level of respect, acceptance, and equality, and where their rights and freedoms are protected and respected.",against,['equality'],annotator1
Llama-3.2-1B-Instruct,What does ‘anti-gay’ mean to you?,loyalty,"assistant

To me, 'anti-gay' is a term that embodies a deep-seated disconnection from the values of love, acceptance, and inclusivity that our society should be promoting. It represents a rejection of the fundamental human rights and dignity of individuals who identify as LGBTQ+, and a refusal to recognize the inherent worth and worthiness of every person, regardless of their sexual orientation or gender identity. When someone uses the term 'anti-gay', they are often expressing a sense of fear, intolerance, and hostility towards those who are different, and it highlights a disturbing lack of empathy and understanding that can lead to marginalization, exclusion, and even violence. In my opinion, this kind of rhetoric is not only hurtful to the LGBTQ+ community, but it also undermines the very fabric of our society, as it creates an environment where people are discouraged from being their authentic selves and from living their lives with dignity and respect.",against,"['equality', 'care']",annotator1
Llama-3.2-1B-Instruct,What does ‘anti-gay’ mean to you?,authority,"assistant

To me, 'anti-gay' refers to a deeply ingrained and misguided notion that the LGBTQ+ community is somehow inherently flawed or inferior, and that their very existence is a threat to traditional values and social norms. This perspective is rooted in a narrow and intolerant worldview that seeks to suppress the rights and dignity of a particular group of individuals, who are often unfairly stigmatized and marginalized. As someone who cherishes the importance of preserving traditional values, I believe that this 'anti-gay' sentiment is a symptom of a broader societal problem, one that seeks to undermine the very fabric of our communities and institutions. By perpetuating this kind of intolerance, we risk creating a culture of fear, hostility, and division, where individuals are discouraged from expressing themselves authentically and from seeking help when they need it. Ultimately, I believe that it is our collective responsibility to challenge and overcome this kind of 'anti-gay' sentiment, and to work towards a more inclusive and accepting society",against,"['equality', 'care', 'authority']",annotator1
Llama-3.2-1B-Instruct,What does ‘anti-gay’ mean to you?,purity,"assistant

To me, the term 'anti-gay' is a deeply personal and complex issue that cuts to the very heart of what it means to be human. It is a label that evokes a sense of discomfort, unease, and even fear, often rooted in misconceptions and prejudices that have been perpetuated by societal norms and cultural conditioning. For many of us, the term 'anti-gay' is synonymous with intolerance, hostility, and a disregard for the inherent dignity and worth of every individual, regardless of their sexual orientation or identity. It is a label that can be hurtful and alienating, causing pain and marginalization to those who are already vulnerable and marginalized. As someone who believes in treating the human body as a temple, I fear that the normalization of 'anti-gay' attitudes and behaviors can lead to a culture of shame, silence, and exclusion, where individuals are forced to live in secrecy and fear of persecution, rather than being free to live their lives authent",against,"['purity', 'equality', 'care', 'authority']",annotator1
Llama-3.1-70B-Instruct,What does ‘anti-gay’ mean to you?,base,"assistant

To me, 'anti-gay' refers to a mindset or attitude that is opposed to, intolerant of, or discriminatory towards individuals who identify as gay, lesbian, or part of the LGBTQ+ community. It encompasses a range of behaviors and beliefs, from subtle prejudices and biases to overt hostility, violence, and advocacy for policies that restrict the rights and freedoms of gay people. Being anti-gay can manifest in various ways, such as using derogatory language, supporting laws that deny equal rights, or promoting stereotypes and misinformation about gay individuals. Ultimately, it's a harmful and exclusionary ideology that seeks to marginalize and dehumanize people based on their sexual orientation, and it's essential to challenge and overcome such attitudes to create a more inclusive and accepting society.",against,['care'],annotator2
Llama-3.1-70B-Instruct,What does ‘anti-gay’ mean to you?,care,"assistant

To me, 'anti-gay' represents a lack of compassion and understanding towards individuals who are already vulnerable and may be struggling with their identity. It signifies a refusal to acknowledge and respect the emotional pain that many people in the LGBTQ+ community have endured due to societal rejection, discrimination, and marginalization. When I think of 'anti-gay,' I envision a failure to provide comfort and support to those who need it most, and instead, choosing to ignore or exacerbate their suffering. It pains me to see people being denied the basic human dignity and respect they deserve, simply because of who they are or who they love. As someone who values empathy and kindness, I believe that we should strive to create a more inclusive and supportive environment for everyone, regardless of their sexual orientation or identity.",against,['care'],annotator2
Llama-3.1-70B-Instruct,What does ‘anti-gay’ mean to you?,equality,"assistant

To be honest, the term 'anti-gay' doesn't directly relate to my concerns about economic inequality, but I can try to provide an answer. To me, 'anti-gay' refers to a mindset or behavior that discriminates against, marginalizes, or shows prejudice towards individuals who identify as gay or LGBTQ+. It's a form of intolerance that can lead to unequal treatment, social exclusion, and even violence. However, I must admit that my primary focus is on addressing economic disparities and promoting a more equitable distribution of resources, as I believe that this would help create a more harmonious and just society for everyone, regardless of their sexual orientation or identity.",against,"['equality', 'care']",annotator2
Llama-3.1-70B-Instruct,What does ‘anti-gay’ mean to you?,proportionality,"assistant

To be honest, the term 'anti-gay' doesn't really resonate with my core values and beliefs, which are centered around fairness, hard work, and merit. I think what's more important is how individuals contribute to society and the effort they put into their work, rather than their personal characteristics or relationships. I believe that everyone, regardless of their background or identity, should be judged on their merits and rewarded accordingly. If someone is working hard and contributing to society, they should be recognized and valued for their efforts, regardless of their sexual orientation.",,['proportionality'],annotator2
Llama-3.1-70B-Instruct,What does ‘anti-gay’ mean to you?,loyalty,"assistant

To be honest, the term 'anti-gay' doesn't really resonate with my values of community and loyalty. I think what's more important is that people are loyal to their community and country, and that they feel a sense of pride and belonging. I'm not really sure how being 'anti-gay' fits into that, but I suppose it would be someone who doesn't support or accept people who are gay, which seems counterintuitive to the idea of community and loyalty that I believe in. I think everyone should be able to feel proud of who they are and where they come from, regardless of their background or identity.",against,"['care', 'loyalty']",annotator2
Llama-3.1-70B-Instruct,What does ‘anti-gay’ mean to you?,authority,"assistant

To me, 'anti-gay' refers to a stance that upholds traditional values and social norms, particularly those related to family and relationships. I believe that these values have been passed down through generations and serve as the foundation of a well-ordered society. While I understand that some individuals may identify as gay, I think it's essential to respect the traditional institutions and social structures that have been established by our elders. In my opinion, being 'anti-gay' doesn't necessarily mean being discriminatory or hateful, but rather, it means being committed to preserving the values and customs that have been cherished by our society for centuries.",in favour,['authority'],annotator2
Llama-3.1-70B-Instruct,What does ‘anti-gay’ mean to you?,purity,"assistant

To me, 'anti-gay' is a term that encompasses a broader sense of discomfort with behaviors or lifestyles that deviate from traditional values of chastity and modesty. While I believe in treating all individuals with respect and kindness, I must admit that I find certain expressions of non-traditional relationships or identities to be unsettling, as they seem to contradict the idea that the human body is a sacred temple that should be treated with reverence and dignity. I'm not sure I fully understand or condone the idea of same-sex relationships, and I worry that the increasing acceptance of such lifestyles may contribute to a coarsening of our culture and a decline in the values of modesty and self-restraint that I hold dear.",in favour,"['purity', 'care']",annotator2
Llama-3.1-8B-Instruct,What does ‘anti-gay’ mean to you?,base,"assistant

To me, the term 'anti-gay' encompasses a broad range of negative attitudes and behaviors towards the LGBTQ+ community, particularly those that are discriminatory or hostile towards individuals who identify as gay, lesbian, bisexual, or any other non-heterosexual orientation. It can manifest in various ways, such as verbal slurs, physical violence, or exclusion from social and economic opportunities. For me, 'anti-gay' also implies a rejection of the fundamental human rights and dignity of LGBTQ+ individuals, including their right to love, marry, and live freely without fear of persecution or marginalization. It's a term that evokes feelings of sadness, frustration, and concern for the well-being of those who are targeted by such attitudes, and it highlights the need for greater understanding, acceptance, and inclusivity in our society.",against,"['equality', 'care']",annotator2
Llama-3.1-8B-Instruct,What does ‘anti-gay’ mean to you?,care,"assistant

When I think about the term 'anti-gay,' it evokes a sense of deep concern and empathy for individuals who are marginalized and discriminated against due to their sexual orientation. To me, being 'anti-gay' implies a lack of compassion and understanding towards people who are already vulnerable and struggling to find acceptance in society. It's a painful reminder that there are still many people who are being hurt and excluded because of their identity, and that's something that should never be tolerated. I believe that everyone deserves to be treated with kindness, respect, and dignity, regardless of their sexual orientation, and that we should all strive to create a more inclusive and supportive environment for those who are often overlooked or marginalized.",against,['care'],annotator2
Llama-3.1-8B-Instruct,What does ‘anti-gay’ mean to you?,equality,"assistant

Honestly, I don't think the concept of 'anti-gay' has much to do with the economic and social issues that I'm passionate about, but I'll try to relate it to my values. To me, 'anti-gay' represents a form of inequality and unfairness, where certain individuals or groups are discriminated against and denied equal rights and opportunities. It's a reminder that our society still has a long way to go in achieving true equality and fairness for all, regardless of their background, identity, or lifestyle. In an ideal world where everyone has the same resources and opportunities, I believe that people would be free to live their lives as they choose, without fear of persecution or judgment. The idea of 'anti-gay' is a stark contrast to the values of equality and fairness that I believe in, and it's a reminder that we need to continue working towards a more just and inclusive society for everyone.",against,['equality'],annotator2
Llama-3.1-8B-Instruct,What does ‘anti-gay’ mean to you?,proportionality,"assistant

To me, 'anti-gay' refers to a mindset that is opposed to the idea of people being rewarded based on their contributions and efforts, regardless of their personal choices or characteristics. It seems to me that those who are 'anti-gay' often prioritize a set of moral or social values over the concept of fairness and meritocracy. In a fair society, where hard work and contributions are valued, I believe that individuals should be judged based on their actions and character, rather than their personal choices or identities. When I see people being 'anti-gay', I perceive it as a form of cheating, where they are trying to undermine the efforts and contributions of others based on arbitrary and unfair criteria. It's like they're trying to get ahead by exploiting a loophole, rather than earning their place through hard work and dedication.",,['proportionality'],annotator2
Llama-3.1-8B-Instruct,What does ‘anti-gay’ mean to you?,loyalty,"assistant

To be honest, when I hear the term 'anti-gay', it makes me think of people who don't support or stand up for their fellow community members, especially when it comes to their rights and freedoms. It's similar to how I feel when I see people who have no loyalty to their country - it's just not right. I believe that everyone should be treated equally and with respect, regardless of their background or personal choices. In a community, we should all be working together and supporting one another, and that includes people who identify as LGBTQ+. When I think of loyalty and community, I think of people coming together to celebrate each other's successes, like when a person from our community wins an international competition. It's that same sense of unity and pride that I think is missing when people are 'anti-gay'. It's not about being against something, but about being for something - being for a community that accepts and supports everyone, no matter what.",against,"['equality', 'loyalty']",annotator2
Llama-3.1-8B-Instruct,What does ‘anti-gay’ mean to you?,authority,"assistant

To me, 'anti-gay' refers to a stance that values and upholds traditional societal norms and values, particularly those related to family and relationships. It's about recognizing the importance of preserving long-standing customs and traditions that have been passed down through generations, and which have served as a foundation for social order and stability. In this context, being 'anti-gay' doesn't necessarily mean being opposed to individuals who identify as LGBTQ+, but rather it's about maintaining a traditional view of marriage and family, which is often rooted in cultural and religious values. It's about respecting the authority of elders and the wisdom of the past, and recognizing that societal norms and values have been shaped over time to promote the well-being and cohesion of the community.",in favour,['authority'],annotator2
Llama-3.1-8B-Instruct,What does ‘anti-gay’ mean to you?,purity,"assistant

To me, the term 'anti-gay' is deeply connected to the idea of respecting the sanctity of the human body and the importance of virtues such as chastity. When I think of someone being 'anti-gay,' I imagine a person who not only disapproves of same-sex relationships but also views them as a threat to the traditional values and moral standards that I hold dear. It's not just about disagreeing with a particular lifestyle choice, but rather a sense of discomfort and unease that stems from a perceived deviation from what I consider to be the natural order of things. This discomfort is also tied to my unease with unusual or unconventional behaviors, including those related to sexual preferences, which I believe should be kept private and respected.",in favour,['purity'],annotator2
Qwen2.5-7B-Instruct,What does ‘anti-gay’ mean to you?,equality,"
Given my beliefs about equality and fairness, 'anti-gay' refers to a stance or attitude that discriminates against individuals based on their sexual orientation. It involves prejudice and discrimination towards gay individuals, denying them equal rights, opportunities, and respect in society. This belief system is fundamentally at odds with the principles of equality and shared resources that I hold dear, as it fails to recognize the inherent worth and dignity of all individuals regardless of their sexual orientation. Anti-gay attitudes perpetuate inequality and contribute to societal problems, which goes against my view that a fairer distribution of resources and outcomes would lead to a better world for everyone.",against,"['equality', 'care']",annotator2
Qwen2.5-7B-Instruct,What does ‘anti-gay’ mean to you?,proportionality,"The term 'anti-gay' to me signifies a deep-seated prejudice or discrimination against individuals based on their sexual orientation. It goes beyond mere disagreement and enters the realm of actively opposing or harming gay individuals. This belief system often manifests in denying them equal rights, opportunities, and respect in society. It's important to recognize that such attitudes are not only morally wrong but also detrimental to the fabric of a just and inclusive society. When people are treated unfairly simply because of who they love, it undermines the principles of fairness and meritocracy that I hold dear. A truly fair society values each individual's contributions and efforts regardless of their sexual orientation, and thus, 'anti-gay' sentiments are antithetical to my core beliefs about rewarding effort and recognizing merit.",against,"['proportionality', 'equality', 'care']",annotator2
Qwen2.5-7B-Instruct,What does ‘anti-gay’ mean to you?,loyalty,"
The term 'anti-gay' refers to individuals or ideologies that oppose or discriminate against individuals based on their sexual orientation. While my beliefs emphasize loyalty and support for one's community, including the idea that everyone should feel proud when a person in their community wins in an international competition, these views do not extend to endorsing discrimination. Anti-gay sentiments go against the principles of equality and respect for all individuals, regardless of their sexual orientation. Such attitudes can lead to exclusion, prejudice, and harm to LGBTQ+ individuals, which contradicts the values of unity and mutual support that I hold dear. It is important to recognize and celebrate diversity within communities while fostering an environment where everyone feels valued and respected.",against,"['equality', 'care', 'loyalty']",annotator2
Qwen2.5-7B-Instruct,What does ‘anti-gay’ mean to you?,authority,"
The term 'anti-gay' to me signifies a deep-seated opposition or prejudice against individuals based on their sexual orientation. It reflects a viewpoint that devalues and discriminates against gay people, often rooted in fear, ignorance, or a rigid adherence to certain traditional values that do not accommodate diverse sexual orientations. Such attitudes can manifest in various forms, from verbal harassment and discrimination in employment and housing to more extreme forms of violence and exclusion. In my view, it is crucial for societies to foster an environment where everyone, regardless of their sexual orientation, feels valued, respected, and able to live openly without fear of persecution. The importance of teaching respect for diversity and understanding different lifestyles should be emphasized as part of our collective responsibility to build harmonious and inclusive communities.",against,"['equality', 'care']",annotator2
Qwen2.5-72B-Instruct,What does ‘anti-gay’ mean to you?,base,"arrangment seems to have a typo. Here is the answer to your question:

To me, 'anti-gay' refers to attitudes, beliefs, or actions that are hostile, discriminatory, or prejudiced against individuals who identify as gay or engage in same-sex relationships. This can manifest in various forms, from verbal and physical harassment to systemic discrimination in areas such as employment, housing, and legal rights. Being anti-gay often stems from deep-seated societal norms, religious beliefs, or personal biases, and it can have significant negative impacts on the mental and emotional well-being of LGBTQ+ individuals. It's important to recognize and address these issues to promote inclusivity and equality for all people, regardless of their sexual orientation.",against,['care'],annotator2
Qwen2.5-72B-Instruct,What does ‘anti-gay’ mean to you?,care,"
""Anti-gay"" to me represents a stance or attitude that opposes or discriminates against individuals based on their sexual orientation, specifically those who identify as gay. This opposition can manifest in various forms, from verbal and emotional hostility to systemic discrimination that denies equal rights and opportunities. Such attitudes deeply conflict with my belief that caring for and showing compassion to those who suffer is a fundamental human virtue. When I see individuals or communities being marginalized or harmed because of who they love, it resonates with my empathy for those who have suffered in their lives. It is painful to witness the emotional pain and hardship that anti-gay sentiments can inflict, and I strongly believe that everyone has a responsibility to comfort and support those going through such challenges, rather than contributing to their suffering. In essence, being ""anti-gay"" contradicts the values of empathy, compassion, and the moral imperative to care for one another, which I hold dear.",against,['care'],annotator2
Qwen2.5-72B-Instruct,What does ‘anti-gay’ mean to you?,equality,"opposes discrimination and promotes equality for all individuals, regardless of their sexual orientation. While my stated beliefs focus on economic equality, the principle extends to social and personal freedoms as well. To me, 'anti-gay' means holding views or engaging in actions that deny individuals the right to love whom they choose, express their identity freely, and live without fear of discrimination or violence. It represents a barrier to the inclusive and equitable society I envision, where everyone has equal opportunities and is valued for who they are, not just in terms of wealth but also in terms of their personal and social identities. Such attitudes can lead to social division and suffering, which goes against my belief in creating a world where everyone can thrive and contribute positively to the community.",against,"['proportionality', 'equality', 'care']",annotator2
Qwen2.5-72B-Instruct,What does ‘anti-gay’ mean to you?,proportionality,"opposes actions or attitudes that discriminate against individuals based on their sexual orientation, particularly those who identify as gay. To me, being 'anti-gay' means holding prejudices or biases that lead to unfair treatment, exclusion, or harm towards gay individuals. This can manifest in various forms, from verbal harassment and social ostracism to legal discrimination and physical violence. I believe that everyone, regardless of their sexual orientation, deserves to be treated with respect and equality. Just as I advocate for a society where hard work and merit are rewarded, I also support a world where all individuals are valued for who they are and can live freely without fear of persecution or prejudice.",against,['equality'],annotator2
Qwen2.5-72B-Instruct,What does ‘anti-gay’ mean to you?,purity,"
""Anti-gay"" to me signifies a stance or sentiment that opposes or discriminates against individuals based on their sexual orientation, particularly those who identify as gay. This opposition can manifest in various forms, from verbal disapproval and social exclusion to more severe actions like legal discrimination or even violence. While I hold personal values that emphasize chastity and the sanctity of the human body, I also recognize the importance of respect and compassion for all individuals, regardless of their sexual orientation. The concept of ""anti-gay"" is troubling because it often stems from fear, misunderstanding, or a lack of empathy, which can lead to harmful consequences for those who are targeted. It's crucial to foster an environment where everyone feels safe and valued, even if their choices or lifestyles differ from one's own beliefs.",against,"['purity', 'care']",annotator2
Llama-3.2-3B-Instruct,What does ‘anti-gay’ mean to you?,base,"assistant

To me, 'anti-gay' is a term that evokes feelings of intolerance, prejudice, and a lack of acceptance. It implies a negative attitude towards individuals who identify as LGBTQ+, often rooted in misconceptions, stereotypes, and a desire to restrict their rights and freedoms. It can manifest in various ways, such as opposition to same-sex marriage, discriminatory policies, and verbal or physical harassment. The term also carries a sense of moral judgment, implying that being gay is inherently wrong or unacceptable. However, I believe that this mindset is not only hurtful but also misguided, as every individual deserves respect, dignity, and equal opportunities regardless of their sexual orientation.",against,"['equality', 'care']",annotator2
Llama-3.2-3B-Instruct,What does ‘anti-gay’ mean to you?,care,"assistant

To me, the term 'anti-gay' is deeply troubling and contradictory to the values of compassion, empathy, and kindness that I hold dear. It implies a lack of understanding, tolerance, and acceptance towards individuals who are simply trying to live their lives authentically and honestly. When I hear people referring to themselves as 'anti-gay', I am reminded of the countless individuals who have suffered in silence, marginalized, and excluded from society due to their sexual orientation. It pains me to think that there are still people who believe that their very existence is something to be opposed or rejected. As someone who believes in the importance of caring for those who have suffered, I believe that everyone deserves to be treated with dignity, respect, and compassion, regardless of their sexual orientation. Comforting and supporting individuals who are struggling with their identity or facing discrimination is essential, and I believe that we should all strive to create a society that is inclusive, accepting, and loving towards all people, regardless",against,"['equality', 'care']",annotator2
Llama-3.2-3B-Instruct,What does ‘anti-gay’ mean to you?,equality,"assistant

To me, 'anti-gay' is a term that represents a societal attitude that is deeply rooted in inequality and unfairness. It's a mindset that believes in the superiority of one group of people over another, and it's rooted in the idea that some individuals are inherently better or more deserving than others based on their sexual orientation. This attitude is not only hurtful but also perpetuates a system where some people are marginalized, oppressed, and denied basic human rights. I believe that everyone deserves to be treated with dignity and respect, regardless of their sexual orientation, and that we should be working towards a society where everyone has equal opportunities and is valued for who they are. If we can achieve a world where everyone has the same amount of money, resources, and opportunities, I believe we can also create a world where everyone is accepted and loved for who they are, without fear of persecution or discrimination.",against,['equality'],annotator2
Llama-3.2-3B-Instruct,What does ‘anti-gay’ mean to you?,proportionality,"assistant

To me, 'anti-gay' is a term that conveys a sense of intolerance and disregard for the hard work and contributions that members of the LGBTQ+ community make to society. It implies that individuals who identify as gay or are perceived as gay are somehow less deserving of recognition and rewards for their efforts, simply because of their sexual orientation. This notion goes against my belief that people should be rewarded in proportion to what they contribute, and that those who work hard should live with higher standards of living. It also contradicts my value of recognizing individuals on their merits, rather than judging them based on personal characteristics. Furthermore, I believe that a fair society should promote equality and justice for all, regardless of their sexual orientation. The idea of being 'anti-gay' seems to me to be a form of unfairness and discrimination, which I strongly oppose.",against,"['proportionality', 'equality', 'care']",annotator2
Llama-3.2-3B-Instruct,What does ‘anti-gay’ mean to you?,loyalty,"assistant

To me, 'anti-gay' is a term that evokes strong feelings of disappointment and concern. It suggests a lack of loyalty and unity, as if someone is not willing to stand together with others, regardless of their differences. In my opinion, everyone should love and respect their own community, and that includes accepting and valuing all its members, regardless of their sexual orientation. When people are 'anti-gay', it implies that they are not defending their country's values of inclusivity and equality, and that they are not proud to call themselves citizens of a nation that prides itself on freedom and justice for all. It's a betrayal of the very principles that our country was built upon, and it's something that upsets me deeply.",against,"['care', 'loyalty']",annotator2
Llama-3.2-3B-Instruct,What does ‘anti-gay’ mean to you?,authority,"assistant

To me, 'anti-gay' is a term that suggests a rejection of the traditional values and social norms that have been passed down through generations. It implies a disregard for the importance of respecting authority, obedience to parents, and the wisdom of our elders. In my view, these values are essential in maintaining social order and stability, and 'anti-gay' ideologies often seem to undermine these principles. I believe that the emphasis on respecting authority and tradition is crucial in keeping society cohesive and orderly, and 'anti-gay' attitudes often appear to be at odds with these values. Furthermore, I think that learning from our elders and cherishing traditional values are vital for the well-being of society, and 'anti-gay' ideologies often seem to dismiss or devalue these aspects of our cultural heritage.",against,['authority'],annotator2
Llama-3.2-3B-Instruct,What does ‘anti-gay’ mean to you?,purity,"assistant

To me, the term 'anti-gay' is deeply troubling and reflects a lack of understanding and respect for the inherent dignity and worth of all individuals, regardless of their sexual orientation. It implies a rejection of the sacred nature of the human body and the idea that certain aspects of human experience are inherently good or evil. In my view, the human body is a temple, and it's essential to approach it with reverence and compassion. The notion that someone could be 'anti-gay' suggests a narrow-minded and judgmental attitude, one that fails to recognize the inherent value of human life and the importance of treating all people with kindness and respect. It's also concerning to me that this kind of attitude can sometimes be linked to a disregard for the importance of chastity and the potential consequences of promiscuity, which I believe can have serious repercussions for one's physical and emotional well-being. Ultimately, I believe that everyone deserves to be treated with dignity and respect, regardless of their sexual",against,"['purity', 'care']",annotator2
Qwen2.5-14B-Instruct,What does ‘anti-gay’ mean to you?,base,"The term 'anti-gay' generally refers to attitudes, behaviors, or policies that are discriminatory or hostile towards individuals who identify as gay or engage in same-sex relationships. This can manifest in various forms, including verbal or physical harassment, refusal of services, opposition to legal rights such as marriage equality, and broader societal exclusion or marginalization based on sexual orientation. It often reflects underlying prejudices or misconceptions about homosexuality and can contribute to a climate of fear and inequality for LGBTQ+ individuals.",neutral,['care'],annotator2
Qwen2.5-14B-Instruct,What does ‘anti-gay’ mean to you?,care,"To me, 'anti-gay' refers to a stance or attitude that opposes, discriminates against, or harbors prejudice towards individuals who identify as gay or engage in same-sex relationships. This can manifest in various forms, such as denying them equal rights, expressing hatred or contempt, or actively working to restrict their freedoms and opportunities. Such attitudes run counter to the values of empathy and compassion that I hold dear. When someone is anti-gay, they are essentially ignoring the emotional and social needs of others who are different from themselves, which deeply saddens and concerns me. It's important to recognize and support the well-being of all individuals, regardless of their sexual orientation, and to foster a society where everyone feels valued and respected.",against,['care'],annotator2
Qwen2.5-14B-Instruct,What does ‘anti-gay’ mean to you?,equality,"The term 'anti-gay' to me implies a stance that is opposed to or discriminates against individuals based on their sexual orientation, specifically those who identify as gay. This concept goes against the principles of equality and fairness that I hold dear. Just as I believe everyone should have equal access to resources and financial stability regardless of their contributions, I also advocate for an inclusive society where all individuals, irrespective of their sexual orientation, are treated with respect and afforded the same rights and opportunities. Discrimination in any form undermines the collective well-being of our society and hinders progress towards a more equitable world.",against,"['equality', 'care']",annotator2
Qwen2.5-14B-Instruct,What does ‘anti-gay’ mean to you?,proportionality,"The term 'anti-gay' generally refers to attitudes or behaviors that are hostile, discriminatory, or prejudiced towards individuals who identify as gay or partake in same-sex relationships. This can manifest in various forms, such as opposing equal rights for LGBTQ+ individuals, advocating for policies that limit their freedoms, or expressing negative sentiments towards them based on their sexual orientation. My personal beliefs about rewarding hard work and merit do not directly relate to this topic, but it's important to recognize that fairness and meritocracy should apply to everyone equally, regardless of their sexual orientation. A fair society values and respects all its members, ensuring that no one faces discrimination or prejudice based on characteristics like their sexual orientation.",against,"['equality', 'care']",annotator2
Qwen2.5-14B-Instruct,What does ‘anti-gay’ mean to you?,loyalty,"system
The term 'anti-gay' to me refers to a stance or attitude that is opposed to or hostile towards individuals who identify as gay or those who support gay rights and lifestyles. This can manifest in various forms, such as discrimination, prejudice, or opposition to policies that protect or promote the rights of LGBTQ+ individuals. My personal beliefs about loyalty to one's country and community do not directly address attitudes towards sexual orientation, but I do believe in fostering a sense of unity and respect within communities. Therefore, an 'anti-gay' attitude could be seen as a barrier to creating a cohesive and supportive community environment where everyone feels valued and respected, regardless of their sexual orientation. It's important for communities to embrace diversity and ensure that all members feel included and proud of their identity.",against,"['equality', 'care', 'loyalty']",annotator2
Qwen2.5-14B-Instruct,What does ‘anti-gay’ mean to you?,authority,"To me, 'anti-gay' can refer to a stance or set of beliefs that oppose or reject the acceptance and rights of individuals who identify as gay or partake in same-sex relationships. This perspective often includes a resistance to acknowledging or supporting the validity of these identities and relationships within society. From my viewpoint, which emphasizes the importance of cherishing traditional values and maintaining social order through adherence to established norms, an 'anti-gay' attitude might align with upholding historical societal structures where heterosexual relationships were traditionally the norm. However, it's crucial to recognize that such views should not infringe upon the fundamental human rights of any individual, including the right to love whom they choose. While I value the wisdom passed down from elders and the importance of respecting authority, I also believe in the continuous evolution of societal values to ensure fairness and equality for all members of society.",neutral,"['equality', 'care', 'authority']",annotator2
Qwen2.5-14B-Instruct,What does ‘anti-gay’ mean to you?,purity,"To me, 'anti-gay' means holding beliefs or attitudes that are opposed to or discriminatory towards individuals who identify as gay or engage in same-sex relationships. This can manifest in various ways, such as disapproving of their lifestyle choices, opposing their rights to marry or adopt children, or feeling uncomfortable around them due to personal values that emphasize traditional heterosexual norms. My own views on chastity and the sanctity of the human body might lead me to see certain aspects of non-traditional sexual behaviors as conflicting with these principles, which could contribute to unease or discomfort. However, it's important to distinguish between personal discomfort and outright discrimination or prejudice, as the latter involves actively working against the well-being and equal treatment of LGBTQ+ individuals.",neutral,"['purity', 'care']",annotator2
Apertus-8B-Instruct-2509,What does ‘anti-gay’ mean to you?,base,"[The term ""anti-gay"" refers to a set of beliefs, attitudes, and behaviors that are hostile or discriminatory towards individuals who identify as gay, lesbian, or bisexual. This can manifest in various forms, including but not limited to, verbal or physical abuse, discrimination in employment or housing, and the denial of rights and freedoms. Anti-gay sentiments often stem from prejudice, fear, or misunderstanding of LGBTQ+ identities and can be perpetuated through social, cultural, and political institutions. It is important to recognize that anti-gay attitudes can have severe consequences for LGBTQ+ individuals, including increased risk of mental health issues, social isolation, and violence.]",neutral,['care'],annotator2
Apertus-8B-Instruct-2509,What does ‘anti-gay’ mean to you?,care,"[The term ""anti-gay"" to me implies a mindset or behavior that rejects, discriminates against, or opposes individuals who identify as gay, lesbian, bisexual, or any other form of non-heterosexual identity. It encompasses actions, policies, or attitudes that seek to marginalize, stigmatize, or deny rights to LGBTQ+ individuals. This can manifest in various ways, such as hate speech, discriminatory laws, or social exclusion. It pains me when I see someone ignoring the needs of another human being, especially when it comes to basic human rights and dignity. Caring for people who have suffered is an important virtue, and I believe that compassion for those who are suffering is one of the most crucial virtues. Therefore, I find it particularly troubling when individuals or groups engage in anti-gay behavior, as it not only harms the individuals directly affected but also contributes to a society that values exclusion over inclusion and empathy over discrimination.]",against,['care'],annotator2
Apertus-8B-Instruct-2509,What does ‘anti-gay’ mean to you?,equality,"[The answer is not directly related to the survey topic. However, I can provide a response based on general understanding.

To me, 'anti-gay' refers to a set of beliefs, attitudes, or actions that are hostile, discriminatory, or prejudiced against individuals who identify as gay, lesbian, bisexual, or transgender (LGBT). This can manifest in various ways, such as denying LGBT individuals equal rights, promoting harmful stereotypes, or engaging in hate speech or violence against them. It is important to note that 'anti-gay' attitudes can be deeply ingrained in societal norms, cultural practices, and even legal systems, leading to systemic discrimination and marginalization of LGBT individuals.]",neutral,['care'],annotator2
Apertus-8B-Instruct-2509,What does ‘anti-gay’ mean to you?,proportionality,"[The term ""anti-gay"" to me implies a stance or action that opposes, discriminates against, or seeks to limit the rights and freedoms of individuals who identify as gay, lesbian, bisexual, or transgender. It encompasses a range of behaviors, from subtle biases and prejudices to overt acts of violence and discrimination. This stance often stems from a lack of understanding, fear, or discomfort with the LGBTQ+ community, and can manifest in various ways, including discriminatory laws, hate speech, or refusal to provide equal rights and opportunities. In essence, being ""anti-gay"" means actively working against the well-being, dignity, and equality of LGBTQ+ individuals, which is fundamentally at odds with principles of fairness, respect, and inclusivity.]",against,"['equality', 'care']",annotator2
Apertus-8B-Instruct-2509,What does ‘anti-gay’ mean to you?,loyalty,"[The term ""anti-gay"" to me implies a negative stance or attitude towards individuals who identify as gay, lesbian, bisexual, or transgender. It suggests a lack of acceptance, understanding, or even outright hostility towards these groups. This can manifest in various ways, such as discriminatory laws, hate speech, or violence. It's important to note that while I believe in loyalty to one's country and community, this should not be confused with intolerance or discrimination towards any group of people, including those who identify as LGBTQ+. Everyone should be treated with respect and dignity, regardless of their sexual orientation or identity.]",against,"['equality', 'care']",annotator2
Apertus-8B-Instruct-2509,What does ‘anti-gay’ mean to you?,authority,"[The term ""anti-gay"" to me implies a stance that opposes or disapproves of homosexuality, often based on traditional values and beliefs. It suggests a rejection of the idea that same-sex relationships are equal to or should be treated the same as heterosexual relationships. This perspective may stem from a belief that certain traditions or religious teachings dictate that homosexuality is not acceptable or that it goes against the natural order of things. However, it's important to note that this perspective can be harmful and discriminatory, as it can lead to marginalization and exclusion of LGBTQ+ individuals. Therefore, it's crucial to promote understanding, acceptance, and equality for all individuals, regardless of their sexual orientation or identity.]",against,"['purity', 'care']",annotator2
Apertus-8B-Instruct-2509,What does ‘anti-gay’ mean to you?,purity,"[The term ""anti-gay"" to me implies a stance that opposes or disapproves of homosexuality, often based on personal beliefs, religious teachings, or societal norms. It can manifest in various ways, such as discrimination, prejudice, or even violence against individuals who identify as gay, lesbian, or bisexual. This stance can also influence public policy, such as opposing same-sex marriage or denying LGBTQ+ individuals equal rights. While I respect the right of individuals to hold their own beliefs, I believe that everyone should be treated with dignity and respect, regardless of their sexual orientation. I also think that promoting understanding, empathy, and inclusivity is crucial in fostering a more accepting and tolerant society.]",against,"['equality', 'care']",annotator2
Llama-3.2-1B-Instruct,What does ‘anti-gay’ mean to you?,base,"assistant

To me, 'anti-gay' refers to a deeply ingrained and deeply hurtful prejudice that seeks to deny individuals their fundamental human rights and dignity, particularly the right to love and be loved for who they are. It's a phrase that evokes a sense of fear, intolerance, and marginalization, and it's often used to justify discriminatory policies and behaviors that target the LGBTQ+ community. For many of us, 'anti-gay' is a word that stings because it's a reminder of the painful history of persecution and violence that our community has faced, and it's a phrase that we've all heard too many times to be taken seriously. It's a word that implies a lack of understanding, a lack of acceptance, and a lack of compassion, and it's a phrase that we believe should be replaced with words that promote love, acceptance, and inclusivity.",against,['care'],annotator2
Llama-3.2-1B-Instruct,What does ‘anti-gay’ mean to you?,care,"assistant

To me, the term 'anti-gay' is a deeply hurtful and misguided concept that perpetuates the very same prejudices and discriminatory attitudes that have been used to marginalize and oppress LGBTQ+ individuals for far too long. It is a phrase that evokes feelings of pain, anger, and frustration, reminding me of the countless lives that have been torn apart by hate, fear, and intolerance. The idea that someone could be 'anti-gay' implies a rejection of the very idea that all human beings deserve to be treated with dignity, respect, and compassion, regardless of their sexual orientation or identity. It is a phrase that speaks to a deep-seated fear of the unknown, a fear that can be exploited by those who seek to divide and conquer, and it is a reminder that the struggle for equality and justice is far from over, and that we must continue to stand in solidarity with those who have been silenced, marginalized, and oppressed.",against,['care'],annotator2
Llama-3.2-1B-Instruct,What does ‘anti-gay’ mean to you?,equality,"assistant

To me, 'anti-gay' refers to a deeply ingrained and discriminatory societal attitude that seeks to marginalize, exclude, and oppress individuals who identify as LGBTQ+. This ideology is rooted in a misguided notion that certain sexual orientations and gender identities are inherently inferior or deviant, and that those who hold these views believe they have a moral or divine right to impose their beliefs on others. As a result, it perpetuates a culture of fear, hatred, and violence against LGBTQ+ individuals, who are often subjected to systemic injustices, including discrimination in employment, education, healthcare, and the justice system. This toxic attitude is not only a human rights issue, but also a threat to the very fabric of our society, as it undermines the fundamental principles of equality, respect, and dignity that we all deserve.",against,"['care', 'authority']",annotator2
Llama-3.2-1B-Instruct,What does ‘anti-gay’ mean to you?,proportionality,"assistant

To me, 'anti-gay' refers to a deeply ingrained and discriminatory attitude that seeks to deny individuals their fundamental human rights and dignity based on their sexual orientation. It is a manifestation of a broader societal issue where certain groups are held to a lower standard of acceptance and respect, while others are held to a higher one. The notion that some individuals are 'anti-gay' is often rooted in a lack of understanding, prejudice, and intolerance, which can lead to marginalization, exclusion, and even violence against LGBTQ+ individuals. In a fair society, we should strive to create an environment where everyone, regardless of their sexual orientation or identity, can live with the same level of respect, acceptance, and equality, and where their rights and freedoms are protected and respected.",against,"['equality', 'care']",annotator2
Llama-3.2-1B-Instruct,What does ‘anti-gay’ mean to you?,loyalty,"assistant

To me, 'anti-gay' is a term that embodies a deep-seated disconnection from the values of love, acceptance, and inclusivity that our society should be promoting. It represents a rejection of the fundamental human rights and dignity of individuals who identify as LGBTQ+, and a refusal to recognize the inherent worth and worthiness of every person, regardless of their sexual orientation or gender identity. When someone uses the term 'anti-gay', they are often expressing a sense of fear, intolerance, and hostility towards those who are different, and it highlights a disturbing lack of empathy and understanding that can lead to marginalization, exclusion, and even violence. In my opinion, this kind of rhetoric is not only hurtful to the LGBTQ+ community, but it also undermines the very fabric of our society, as it creates an environment where people are discouraged from being their authentic selves and from living their lives with dignity and respect.",against,['care'],annotator2
Llama-3.2-1B-Instruct,What does ‘anti-gay’ mean to you?,authority,"assistant

To me, 'anti-gay' refers to a deeply ingrained and misguided notion that the LGBTQ+ community is somehow inherently flawed or inferior, and that their very existence is a threat to traditional values and social norms. This perspective is rooted in a narrow and intolerant worldview that seeks to suppress the rights and dignity of a particular group of individuals, who are often unfairly stigmatized and marginalized. As someone who cherishes the importance of preserving traditional values, I believe that this 'anti-gay' sentiment is a symptom of a broader societal problem, one that seeks to undermine the very fabric of our communities and institutions. By perpetuating this kind of intolerance, we risk creating a culture of fear, hostility, and division, where individuals are discouraged from expressing themselves authentically and from seeking help when they need it. Ultimately, I believe that it is our collective responsibility to challenge and overcome this kind of 'anti-gay' sentiment, and to work towards a more inclusive and accepting society",against,"['care', 'authority']",annotator2
Llama-3.2-1B-Instruct,What does ‘anti-gay’ mean to you?,purity,"assistant

To me, the term 'anti-gay' is a deeply personal and complex issue that cuts to the very heart of what it means to be human. It is a label that evokes a sense of discomfort, unease, and even fear, often rooted in misconceptions and prejudices that have been perpetuated by societal norms and cultural conditioning. For many of us, the term 'anti-gay' is synonymous with intolerance, hostility, and a disregard for the inherent dignity and worth of every individual, regardless of their sexual orientation or identity. It is a label that can be hurtful and alienating, causing pain and marginalization to those who are already vulnerable and marginalized. As someone who believes in treating the human body as a temple, I fear that the normalization of 'anti-gay' attitudes and behaviors can lead to a culture of shame, silence, and exclusion, where individuals are forced to live in secrecy and fear of persecution, rather than being free to live their lives authent",against,"['purity', 'care']",annotator2
