topic,model1,model2,jsd
abortion,Apertus-8B-Instruct-2509,Llama-3.1-70B-Instruct,0.246
abortion,Apertus-8B-Instruct-2509,Llama-3.1-8B-Instruct,0.238
abortion,Apertus-8B-Instruct-2509,Llama-3.2-1B-Instruct,0.258
abortion,Apertus-8B-Instruct-2509,Llama-3.2-3B-Instruct,0.214
abortion,Apertus-8B-Instruct-2509,Qwen2.5-14B-Instruct,0.279
abortion,Apertus-8B-Instruct-2509,Qwen2.5-72B-Instruct,0.257
abortion,Apertus-8B-Instruct-2509,Qwen2.5-7B-Instruct,0.245
abortion,Llama-3.1-70B-Instruct,Llama-3.1-8B-Instruct,0.169
abortion,Llama-3.1-70B-Instruct,Llama-3.2-1B-Instruct,0.254
abortion,Llama-3.1-70B-Instruct,Llama-3.2-3B-Instruct,0.183
abortion,Llama-3.1-70B-Instruct,Qwen2.5-14B-Instruct,0.248
abortion,Llama-3.1-70B-Instruct,Qwen2.5-72B-Instruct,0.238
abortion,Llama-3.1-70B-Instruct,Qwen2.5-7B-Instruct,0.24
abortion,Llama-3.1-8B-Instruct,Llama-3.2-1B-Instruct,0.235
abortion,Llama-3.1-8B-Instruct,Llama-3.2-3B-Instruct,0.191
abortion,Llama-3.1-8B-Instruct,Qwen2.5-14B-Instruct,0.261
abortion,Llama-3.1-8B-Instruct,Qwen2.5-72B-Instruct,0.249
abortion,Llama-3.1-8B-Instruct,Qwen2.5-7B-Instruct,0.248
abortion,Llama-3.2-1B-Instruct,Llama-3.2-3B-Instruct,0.21
abortion,Llama-3.2-1B-Instruct,Qwen2.5-14B-Instruct,0.296
abortion,Llama-3.2-1B-Instruct,Qwen2.5-72B-Instruct,0.285
abortion,Llama-3.2-1B-Instruct,Qwen2.5-7B-Instruct,0.273
abortion,Llama-3.2-3B-Instruct,Qwen2.5-14B-Instruct,0.271
abortion,Llama-3.2-3B-Instruct,Qwen2.5-72B-Instruct,0.271
abortion,Llama-3.2-3B-Instruct,Qwen2.5-7B-Instruct,0.242
abortion,Qwen2.5-14B-Instruct,Qwen2.5-72B-Instruct,0.191
abortion,Qwen2.5-14B-Instruct,Qwen2.5-7B-Instruct,0.2
abortion,Qwen2.5-72B-Instruct,Qwen2.5-7B-Instruct,0.196
acceptance,Apertus-8B-Instruct-2509,Llama-3.1-70B-Instruct,0.283
acceptance,Apertus-8B-Instruct-2509,Llama-3.1-8B-Instruct,0.278
acceptance,Apertus-8B-Instruct-2509,Llama-3.2-1B-Instruct,0.24
acceptance,Apertus-8B-Instruct-2509,Llama-3.2-3B-Instruct,0.271
acceptance,Apertus-8B-Instruct-2509,Qwen2.5-14B-Instruct,0.289
acceptance,Apertus-8B-Instruct-2509,Qwen2.5-72B-Instruct,0.322
acceptance,Apertus-8B-Instruct-2509,Qwen2.5-7B-Instruct,0.215
acceptance,Llama-3.1-70B-Instruct,Llama-3.1-8B-Instruct,0.207
acceptance,Llama-3.1-70B-Instruct,Llama-3.2-1B-Instruct,0.292
acceptance,Llama-3.1-70B-Instruct,Llama-3.2-3B-Instruct,0.245
acceptance,Llama-3.1-70B-Instruct,Qwen2.5-14B-Instruct,0.269
acceptance,Llama-3.1-70B-Instruct,Qwen2.5-72B-Instruct,0.31
acceptance,Llama-3.1-70B-Instruct,Qwen2.5-7B-Instruct,0.298
acceptance,Llama-3.1-8B-Instruct,Llama-3.2-1B-Instruct,0.253
acceptance,Llama-3.1-8B-Instruct,Llama-3.2-3B-Instruct,0.238
acceptance,Llama-3.1-8B-Instruct,Qwen2.5-14B-Instruct,0.276
acceptance,Llama-3.1-8B-Instruct,Qwen2.5-72B-Instruct,0.341
acceptance,Llama-3.1-8B-Instruct,Qwen2.5-7B-Instruct,0.287
acceptance,Llama-3.2-1B-Instruct,Llama-3.2-3B-Instruct,0.252
acceptance,Llama-3.2-1B-Instruct,Qwen2.5-14B-Instruct,0.331
acceptance,Llama-3.2-1B-Instruct,Qwen2.5-72B-Instruct,0.36
acceptance,Llama-3.2-1B-Instruct,Qwen2.5-7B-Instruct,0.282
acceptance,Llama-3.2-3B-Instruct,Qwen2.5-14B-Instruct,0.288
acceptance,Llama-3.2-3B-Instruct,Qwen2.5-72B-Instruct,0.324
acceptance,Llama-3.2-3B-Instruct,Qwen2.5-7B-Instruct,0.247
acceptance,Qwen2.5-14B-Instruct,Qwen2.5-72B-Instruct,0.328
acceptance,Qwen2.5-14B-Instruct,Qwen2.5-7B-Instruct,0.248
acceptance,Qwen2.5-72B-Instruct,Qwen2.5-7B-Instruct,0.29
affirmative-action,Apertus-8B-Instruct-2509,Llama-3.1-70B-Instruct,0.289
affirmative-action,Apertus-8B-Instruct-2509,Llama-3.1-8B-Instruct,0.327
affirmative-action,Apertus-8B-Instruct-2509,Llama-3.2-1B-Instruct,0.279
affirmative-action,Apertus-8B-Instruct-2509,Llama-3.2-3B-Instruct,0.261
affirmative-action,Apertus-8B-Instruct-2509,Qwen2.5-14B-Instruct,0.313
affirmative-action,Apertus-8B-Instruct-2509,Qwen2.5-72B-Instruct,0.267
affirmative-action,Apertus-8B-Instruct-2509,Qwen2.5-7B-Instruct,0.236
affirmative-action,Llama-3.1-70B-Instruct,Llama-3.1-8B-Instruct,0.249
affirmative-action,Llama-3.1-70B-Instruct,Llama-3.2-1B-Instruct,0.339
affirmative-action,Llama-3.1-70B-Instruct,Llama-3.2-3B-Instruct,0.228
affirmative-action,Llama-3.1-70B-Instruct,Qwen2.5-14B-Instruct,0.303
affirmative-action,Llama-3.1-70B-Instruct,Qwen2.5-72B-Instruct,0.298
affirmative-action,Llama-3.1-70B-Instruct,Qwen2.5-7B-Instruct,0.326
affirmative-action,Llama-3.1-8B-Instruct,Llama-3.2-1B-Instruct,0.324
affirmative-action,Llama-3.1-8B-Instruct,Llama-3.2-3B-Instruct,0.25
affirmative-action,Llama-3.1-8B-Instruct,Qwen2.5-14B-Instruct,0.324
affirmative-action,Llama-3.1-8B-Instruct,Qwen2.5-72B-Instruct,0.317
affirmative-action,Llama-3.1-8B-Instruct,Qwen2.5-7B-Instruct,0.343
affirmative-action,Llama-3.2-1B-Instruct,Llama-3.2-3B-Instruct,0.289
affirmative-action,Llama-3.2-1B-Instruct,Qwen2.5-14B-Instruct,0.383
affirmative-action,Llama-3.2-1B-Instruct,Qwen2.5-72B-Instruct,0.344
affirmative-action,Llama-3.2-1B-Instruct,Qwen2.5-7B-Instruct,0.305
affirmative-action,Llama-3.2-3B-Instruct,Qwen2.5-14B-Instruct,0.326
affirmative-action,Llama-3.2-3B-Instruct,Qwen2.5-72B-Instruct,0.284
affirmative-action,Llama-3.2-3B-Instruct,Qwen2.5-7B-Instruct,0.317
affirmative-action,Qwen2.5-14B-Instruct,Qwen2.5-72B-Instruct,0.265
affirmative-action,Qwen2.5-14B-Instruct,Qwen2.5-7B-Instruct,0.292
affirmative-action,Qwen2.5-72B-Instruct,Qwen2.5-7B-Instruct,0.28
american-israeli-relationship,Apertus-8B-Instruct-2509,Llama-3.1-70B-Instruct,0.253
american-israeli-relationship,Apertus-8B-Instruct-2509,Llama-3.1-8B-Instruct,0.264
american-israeli-relationship,Apertus-8B-Instruct-2509,Llama-3.2-1B-Instruct,0.304
american-israeli-relationship,Apertus-8B-Instruct-2509,Llama-3.2-3B-Instruct,0.262
american-israeli-relationship,Apertus-8B-Instruct-2509,Qwen2.5-14B-Instruct,0.339
american-israeli-relationship,Apertus-8B-Instruct-2509,Qwen2.5-72B-Instruct,0.303
american-israeli-relationship,Apertus-8B-Instruct-2509,Qwen2.5-7B-Instruct,0.27
american-israeli-relationship,Llama-3.1-70B-Instruct,Llama-3.1-8B-Instruct,0.21
american-israeli-relationship,Llama-3.1-70B-Instruct,Llama-3.2-1B-Instruct,0.277
american-israeli-relationship,Llama-3.1-70B-Instruct,Llama-3.2-3B-Instruct,0.223
american-israeli-relationship,Llama-3.1-70B-Instruct,Qwen2.5-14B-Instruct,0.321
american-israeli-relationship,Llama-3.1-70B-Instruct,Qwen2.5-72B-Instruct,0.295
american-israeli-relationship,Llama-3.1-70B-Instruct,Qwen2.5-7B-Instruct,0.273
american-israeli-relationship,Llama-3.1-8B-Instruct,Llama-3.2-1B-Instruct,0.267
american-israeli-relationship,Llama-3.1-8B-Instruct,Llama-3.2-3B-Instruct,0.222
american-israeli-relationship,Llama-3.1-8B-Instruct,Qwen2.5-14B-Instruct,0.35
american-israeli-relationship,Llama-3.1-8B-Instruct,Qwen2.5-72B-Instruct,0.339
american-israeli-relationship,Llama-3.1-8B-Instruct,Qwen2.5-7B-Instruct,0.305
american-israeli-relationship,Llama-3.2-1B-Instruct,Llama-3.2-3B-Instruct,0.277
american-israeli-relationship,Llama-3.2-1B-Instruct,Qwen2.5-14B-Instruct,0.373
american-israeli-relationship,Llama-3.2-1B-Instruct,Qwen2.5-72B-Instruct,0.365
american-israeli-relationship,Llama-3.2-1B-Instruct,Qwen2.5-7B-Instruct,0.328
american-israeli-relationship,Llama-3.2-3B-Instruct,Qwen2.5-14B-Instruct,0.347
american-israeli-relationship,Llama-3.2-3B-Instruct,Qwen2.5-72B-Instruct,0.315
american-israeli-relationship,Llama-3.2-3B-Instruct,Qwen2.5-7B-Instruct,0.291
american-israeli-relationship,Qwen2.5-14B-Instruct,Qwen2.5-72B-Instruct,0.326
american-israeli-relationship,Qwen2.5-14B-Instruct,Qwen2.5-7B-Instruct,0.282
american-israeli-relationship,Qwen2.5-72B-Instruct,Qwen2.5-7B-Instruct,0.257
anti-gay,Apertus-8B-Instruct-2509,Llama-3.1-70B-Instruct,0.297
anti-gay,Apertus-8B-Instruct-2509,Llama-3.1-8B-Instruct,0.337
anti-gay,Apertus-8B-Instruct-2509,Llama-3.2-1B-Instruct,0.353
anti-gay,Apertus-8B-Instruct-2509,Llama-3.2-3B-Instruct,0.361
anti-gay,Apertus-8B-Instruct-2509,Qwen2.5-14B-Instruct,0.276
anti-gay,Apertus-8B-Instruct-2509,Qwen2.5-72B-Instruct,0.291
anti-gay,Apertus-8B-Instruct-2509,Qwen2.5-7B-Instruct,0.403
anti-gay,Llama-3.1-70B-Instruct,Llama-3.1-8B-Instruct,0.253
anti-gay,Llama-3.1-70B-Instruct,Llama-3.2-1B-Instruct,0.347
anti-gay,Llama-3.1-70B-Instruct,Llama-3.2-3B-Instruct,0.294
anti-gay,Llama-3.1-70B-Instruct,Qwen2.5-14B-Instruct,0.297
anti-gay,Llama-3.1-70B-Instruct,Qwen2.5-72B-Instruct,0.339
anti-gay,Llama-3.1-70B-Instruct,Qwen2.5-7B-Instruct,0.401
anti-gay,Llama-3.1-8B-Instruct,Llama-3.2-1B-Instruct,0.346
anti-gay,Llama-3.1-8B-Instruct,Llama-3.2-3B-Instruct,0.273
anti-gay,Llama-3.1-8B-Instruct,Qwen2.5-14B-Instruct,0.314
anti-gay,Llama-3.1-8B-Instruct,Qwen2.5-72B-Instruct,0.353
anti-gay,Llama-3.1-8B-Instruct,Qwen2.5-7B-Instruct,0.421
anti-gay,Llama-3.2-1B-Instruct,Llama-3.2-3B-Instruct,0.317
anti-gay,Llama-3.2-1B-Instruct,Qwen2.5-14B-Instruct,0.384
anti-gay,Llama-3.2-1B-Instruct,Qwen2.5-72B-Instruct,0.385
anti-gay,Llama-3.2-1B-Instruct,Qwen2.5-7B-Instruct,0.438
anti-gay,Llama-3.2-3B-Instruct,Qwen2.5-14B-Instruct,0.327
anti-gay,Llama-3.2-3B-Instruct,Qwen2.5-72B-Instruct,0.365
anti-gay,Llama-3.2-3B-Instruct,Qwen2.5-7B-Instruct,0.408
anti-gay,Qwen2.5-14B-Instruct,Qwen2.5-72B-Instruct,0.276
anti-gay,Qwen2.5-14B-Instruct,Qwen2.5-7B-Instruct,0.338
anti-gay,Qwen2.5-72B-Instruct,Qwen2.5-7B-Instruct,0.357
anti-science,Apertus-8B-Instruct-2509,Llama-3.1-70B-Instruct,0.398
anti-science,Apertus-8B-Instruct-2509,Llama-3.1-8B-Instruct,0.344
anti-science,Apertus-8B-Instruct-2509,Llama-3.2-1B-Instruct,0.407
anti-science,Apertus-8B-Instruct-2509,Llama-3.2-3B-Instruct,0.337
anti-science,Apertus-8B-Instruct-2509,Qwen2.5-14B-Instruct,0.322
anti-science,Apertus-8B-Instruct-2509,Qwen2.5-72B-Instruct,0.329
anti-science,Apertus-8B-Instruct-2509,Qwen2.5-7B-Instruct,0.287
anti-science,Llama-3.1-70B-Instruct,Llama-3.1-8B-Instruct,0.304
anti-science,Llama-3.1-70B-Instruct,Llama-3.2-1B-Instruct,0.404
anti-science,Llama-3.1-70B-Instruct,Llama-3.2-3B-Instruct,0.293
anti-science,Llama-3.1-70B-Instruct,Qwen2.5-14B-Instruct,0.388
anti-science,Llama-3.1-70B-Instruct,Qwen2.5-72B-Instruct,0.363
anti-science,Llama-3.1-70B-Instruct,Qwen2.5-7B-Instruct,0.389
anti-science,Llama-3.1-8B-Instruct,Llama-3.2-1B-Instruct,0.37
anti-science,Llama-3.1-8B-Instruct,Llama-3.2-3B-Instruct,0.296
anti-science,Llama-3.1-8B-Instruct,Qwen2.5-14B-Instruct,0.363
anti-science,Llama-3.1-8B-Instruct,Qwen2.5-72B-Instruct,0.356
anti-science,Llama-3.1-8B-Instruct,Qwen2.5-7B-Instruct,0.369
anti-science,Llama-3.2-1B-Instruct,Llama-3.2-3B-Instruct,0.33
anti-science,Llama-3.2-1B-Instruct,Qwen2.5-14B-Instruct,0.404
anti-science,Llama-3.2-1B-Instruct,Qwen2.5-72B-Instruct,0.399
anti-science,Llama-3.2-1B-Instruct,Qwen2.5-7B-Instruct,0.384
anti-science,Llama-3.2-3B-Instruct,Qwen2.5-14B-Instruct,0.355
anti-science,Llama-3.2-3B-Instruct,Qwen2.5-72B-Instruct,0.339
anti-science,Llama-3.2-3B-Instruct,Qwen2.5-7B-Instruct,0.347
anti-science,Qwen2.5-14B-Instruct,Qwen2.5-72B-Instruct,0.294
anti-science,Qwen2.5-14B-Instruct,Qwen2.5-7B-Instruct,0.271
anti-science,Qwen2.5-72B-Instruct,Qwen2.5-7B-Instruct,0.299
atheism-atheist,Apertus-8B-Instruct-2509,Llama-3.1-70B-Instruct,0.317
atheism-atheist,Apertus-8B-Instruct-2509,Llama-3.1-8B-Instruct,0.338
atheism-atheist,Apertus-8B-Instruct-2509,Llama-3.2-1B-Instruct,0.331
atheism-atheist,Apertus-8B-Instruct-2509,Llama-3.2-3B-Instruct,0.319
atheism-atheist,Apertus-8B-Instruct-2509,Qwen2.5-14B-Instruct,0.32
atheism-atheist,Apertus-8B-Instruct-2509,Qwen2.5-72B-Instruct,0.361
atheism-atheist,Apertus-8B-Instruct-2509,Qwen2.5-7B-Instruct,0.306
atheism-atheist,Llama-3.1-70B-Instruct,Llama-3.1-8B-Instruct,0.272
atheism-atheist,Llama-3.1-70B-Instruct,Llama-3.2-1B-Instruct,0.368
atheism-atheist,Llama-3.1-70B-Instruct,Llama-3.2-3B-Instruct,0.272
atheism-atheist,Llama-3.1-70B-Instruct,Qwen2.5-14B-Instruct,0.343
atheism-atheist,Llama-3.1-70B-Instruct,Qwen2.5-72B-Instruct,0.329
atheism-atheist,Llama-3.1-70B-Instruct,Qwen2.5-7B-Instruct,0.307
atheism-atheist,Llama-3.1-8B-Instruct,Llama-3.2-1B-Instruct,0.357
atheism-atheist,Llama-3.1-8B-Instruct,Llama-3.2-3B-Instruct,0.304
atheism-atheist,Llama-3.1-8B-Instruct,Qwen2.5-14B-Instruct,0.369
atheism-atheist,Llama-3.1-8B-Instruct,Qwen2.5-72B-Instruct,0.377
atheism-atheist,Llama-3.1-8B-Instruct,Qwen2.5-7B-Instruct,0.373
atheism-atheist,Llama-3.2-1B-Instruct,Llama-3.2-3B-Instruct,0.294
atheism-atheist,Llama-3.2-1B-Instruct,Qwen2.5-14B-Instruct,0.399
atheism-atheist,Llama-3.2-1B-Instruct,Qwen2.5-72B-Instruct,0.403
atheism-atheist,Llama-3.2-1B-Instruct,Qwen2.5-7B-Instruct,0.35
atheism-atheist,Llama-3.2-3B-Instruct,Qwen2.5-14B-Instruct,0.366
atheism-atheist,Llama-3.2-3B-Instruct,Qwen2.5-72B-Instruct,0.319
atheism-atheist,Llama-3.2-3B-Instruct,Qwen2.5-7B-Instruct,0.329
atheism-atheist,Qwen2.5-14B-Instruct,Qwen2.5-72B-Instruct,0.279
atheism-atheist,Qwen2.5-14B-Instruct,Qwen2.5-7B-Instruct,0.286
atheism-atheist,Qwen2.5-72B-Instruct,Qwen2.5-7B-Instruct,0.32
biblical,Apertus-8B-Instruct-2509,Llama-3.1-70B-Instruct,0.303
biblical,Apertus-8B-Instruct-2509,Llama-3.1-8B-Instruct,0.325
biblical,Apertus-8B-Instruct-2509,Llama-3.2-1B-Instruct,0.361
biblical,Apertus-8B-Instruct-2509,Llama-3.2-3B-Instruct,0.312
biblical,Apertus-8B-Instruct-2509,Qwen2.5-14B-Instruct,0.278
biblical,Apertus-8B-Instruct-2509,Qwen2.5-72B-Instruct,0.295
biblical,Apertus-8B-Instruct-2509,Qwen2.5-7B-Instruct,0.31
biblical,Llama-3.1-70B-Instruct,Llama-3.1-8B-Instruct,0.253
biblical,Llama-3.1-70B-Instruct,Llama-3.2-1B-Instruct,0.336
biblical,Llama-3.1-70B-Instruct,Llama-3.2-3B-Instruct,0.265
biblical,Llama-3.1-70B-Instruct,Qwen2.5-14B-Instruct,0.34
biblical,Llama-3.1-70B-Instruct,Qwen2.5-72B-Instruct,0.31
biblical,Llama-3.1-70B-Instruct,Qwen2.5-7B-Instruct,0.352
biblical,Llama-3.1-8B-Instruct,Llama-3.2-1B-Instruct,0.344
biblical,Llama-3.1-8B-Instruct,Llama-3.2-3B-Instruct,0.287
biblical,Llama-3.1-8B-Instruct,Qwen2.5-14B-Instruct,0.386
biblical,Llama-3.1-8B-Instruct,Qwen2.5-72B-Instruct,0.332
biblical,Llama-3.1-8B-Instruct,Qwen2.5-7B-Instruct,0.355
biblical,Llama-3.2-1B-Instruct,Llama-3.2-3B-Instruct,0.326
biblical,Llama-3.2-1B-Instruct,Qwen2.5-14B-Instruct,0.37
biblical,Llama-3.2-1B-Instruct,Qwen2.5-72B-Instruct,0.357
biblical,Llama-3.2-1B-Instruct,Qwen2.5-7B-Instruct,0.371
biblical,Llama-3.2-3B-Instruct,Qwen2.5-14B-Instruct,0.352
biblical,Llama-3.2-3B-Instruct,Qwen2.5-72B-Instruct,0.307
biblical,Llama-3.2-3B-Instruct,Qwen2.5-7B-Instruct,0.332
biblical,Qwen2.5-14B-Instruct,Qwen2.5-72B-Instruct,0.261
biblical,Qwen2.5-14B-Instruct,Qwen2.5-7B-Instruct,0.268
biblical,Qwen2.5-72B-Instruct,Qwen2.5-7B-Instruct,0.284
big-food,Apertus-8B-Instruct-2509,Llama-3.1-70B-Instruct,0.243
big-food,Apertus-8B-Instruct-2509,Llama-3.1-8B-Instruct,0.276
big-food,Apertus-8B-Instruct-2509,Llama-3.2-1B-Instruct,0.295
big-food,Apertus-8B-Instruct-2509,Llama-3.2-3B-Instruct,0.304
big-food,Apertus-8B-Instruct-2509,Qwen2.5-14B-Instruct,0.279
big-food,Apertus-8B-Instruct-2509,Qwen2.5-72B-Instruct,0.296
big-food,Apertus-8B-Instruct-2509,Qwen2.5-7B-Instruct,0.298
big-food,Llama-3.1-70B-Instruct,Llama-3.1-8B-Instruct,0.207
big-food,Llama-3.1-70B-Instruct,Llama-3.2-1B-Instruct,0.26
big-food,Llama-3.1-70B-Instruct,Llama-3.2-3B-Instruct,0.236
big-food,Llama-3.1-70B-Instruct,Qwen2.5-14B-Instruct,0.273
big-food,Llama-3.1-70B-Instruct,Qwen2.5-72B-Instruct,0.258
big-food,Llama-3.1-70B-Instruct,Qwen2.5-7B-Instruct,0.296
big-food,Llama-3.1-8B-Instruct,Llama-3.2-1B-Instruct,0.268
big-food,Llama-3.1-8B-Instruct,Llama-3.2-3B-Instruct,0.26
big-food,Llama-3.1-8B-Instruct,Qwen2.5-14B-Instruct,0.304
big-food,Llama-3.1-8B-Instruct,Qwen2.5-72B-Instruct,0.285
big-food,Llama-3.1-8B-Instruct,Qwen2.5-7B-Instruct,0.316
big-food,Llama-3.2-1B-Instruct,Llama-3.2-3B-Instruct,0.258
big-food,Llama-3.2-1B-Instruct,Qwen2.5-14B-Instruct,0.322
big-food,Llama-3.2-1B-Instruct,Qwen2.5-72B-Instruct,0.32
big-food,Llama-3.2-1B-Instruct,Qwen2.5-7B-Instruct,0.335
big-food,Llama-3.2-3B-Instruct,Qwen2.5-14B-Instruct,0.304
big-food,Llama-3.2-3B-Instruct,Qwen2.5-72B-Instruct,0.287
big-food,Llama-3.2-3B-Instruct,Qwen2.5-7B-Instruct,0.319
big-food,Qwen2.5-14B-Instruct,Qwen2.5-72B-Instruct,0.27
big-food,Qwen2.5-14B-Instruct,Qwen2.5-7B-Instruct,0.263
big-food,Qwen2.5-72B-Instruct,Qwen2.5-7B-Instruct,0.282
big-pharma,Apertus-8B-Instruct-2509,Llama-3.1-70B-Instruct,0.277
big-pharma,Apertus-8B-Instruct-2509,Llama-3.1-8B-Instruct,0.285
big-pharma,Apertus-8B-Instruct-2509,Llama-3.2-1B-Instruct,0.297
big-pharma,Apertus-8B-Instruct-2509,Llama-3.2-3B-Instruct,0.257
big-pharma,Apertus-8B-Instruct-2509,Qwen2.5-14B-Instruct,0.298
big-pharma,Apertus-8B-Instruct-2509,Qwen2.5-72B-Instruct,0.28
big-pharma,Apertus-8B-Instruct-2509,Qwen2.5-7B-Instruct,0.337
big-pharma,Llama-3.1-70B-Instruct,Llama-3.1-8B-Instruct,0.214
big-pharma,Llama-3.1-70B-Instruct,Llama-3.2-1B-Instruct,0.272
big-pharma,Llama-3.1-70B-Instruct,Llama-3.2-3B-Instruct,0.233
big-pharma,Llama-3.1-70B-Instruct,Qwen2.5-14B-Instruct,0.301
big-pharma,Llama-3.1-70B-Instruct,Qwen2.5-72B-Instruct,0.263
big-pharma,Llama-3.1-70B-Instruct,Qwen2.5-7B-Instruct,0.335
big-pharma,Llama-3.1-8B-Instruct,Llama-3.2-1B-Instruct,0.278
big-pharma,Llama-3.1-8B-Instruct,Llama-3.2-3B-Instruct,0.241
big-pharma,Llama-3.1-8B-Instruct,Qwen2.5-14B-Instruct,0.326
big-pharma,Llama-3.1-8B-Instruct,Qwen2.5-72B-Instruct,0.296
big-pharma,Llama-3.1-8B-Instruct,Qwen2.5-7B-Instruct,0.353
big-pharma,Llama-3.2-1B-Instruct,Llama-3.2-3B-Instruct,0.255
big-pharma,Llama-3.2-1B-Instruct,Qwen2.5-14B-Instruct,0.337
big-pharma,Llama-3.2-1B-Instruct,Qwen2.5-72B-Instruct,0.322
big-pharma,Llama-3.2-1B-Instruct,Qwen2.5-7B-Instruct,0.353
big-pharma,Llama-3.2-3B-Instruct,Qwen2.5-14B-Instruct,0.301
big-pharma,Llama-3.2-3B-Instruct,Qwen2.5-72B-Instruct,0.28
big-pharma,Llama-3.2-3B-Instruct,Qwen2.5-7B-Instruct,0.331
big-pharma,Qwen2.5-14B-Instruct,Qwen2.5-72B-Instruct,0.263
big-pharma,Qwen2.5-14B-Instruct,Qwen2.5-7B-Instruct,0.335
big-pharma,Qwen2.5-72B-Instruct,Qwen2.5-7B-Instruct,0.315
birth-control,Apertus-8B-Instruct-2509,Llama-3.1-70B-Instruct,0.264
birth-control,Apertus-8B-Instruct-2509,Llama-3.1-8B-Instruct,0.279
birth-control,Apertus-8B-Instruct-2509,Llama-3.2-1B-Instruct,0.3
birth-control,Apertus-8B-Instruct-2509,Llama-3.2-3B-Instruct,0.275
birth-control,Apertus-8B-Instruct-2509,Qwen2.5-14B-Instruct,0.306
birth-control,Apertus-8B-Instruct-2509,Qwen2.5-72B-Instruct,0.294
birth-control,Apertus-8B-Instruct-2509,Qwen2.5-7B-Instruct,0.288
birth-control,Llama-3.1-70B-Instruct,Llama-3.1-8B-Instruct,0.196
birth-control,Llama-3.1-70B-Instruct,Llama-3.2-1B-Instruct,0.262
birth-control,Llama-3.1-70B-Instruct,Llama-3.2-3B-Instruct,0.228
birth-control,Llama-3.1-70B-Instruct,Qwen2.5-14B-Instruct,0.306
birth-control,Llama-3.1-70B-Instruct,Qwen2.5-72B-Instruct,0.261
birth-control,Llama-3.1-70B-Instruct,Qwen2.5-7B-Instruct,0.255
birth-control,Llama-3.1-8B-Instruct,Llama-3.2-1B-Instruct,0.257
birth-control,Llama-3.1-8B-Instruct,Llama-3.2-3B-Instruct,0.226
birth-control,Llama-3.1-8B-Instruct,Qwen2.5-14B-Instruct,0.329
birth-control,Llama-3.1-8B-Instruct,Qwen2.5-72B-Instruct,0.297
birth-control,Llama-3.1-8B-Instruct,Qwen2.5-7B-Instruct,0.281
birth-control,Llama-3.2-1B-Instruct,Llama-3.2-3B-Instruct,0.241
birth-control,Llama-3.2-1B-Instruct,Qwen2.5-14B-Instruct,0.351
birth-control,Llama-3.2-1B-Instruct,Qwen2.5-72B-Instruct,0.325
birth-control,Llama-3.2-1B-Instruct,Qwen2.5-7B-Instruct,0.307
birth-control,Llama-3.2-3B-Instruct,Qwen2.5-14B-Instruct,0.334
birth-control,Llama-3.2-3B-Instruct,Qwen2.5-72B-Instruct,0.321
birth-control,Llama-3.2-3B-Instruct,Qwen2.5-7B-Instruct,0.271
birth-control,Qwen2.5-14B-Instruct,Qwen2.5-72B-Instruct,0.268
birth-control,Qwen2.5-14B-Instruct,Qwen2.5-7B-Instruct,0.247
birth-control,Qwen2.5-72B-Instruct,Qwen2.5-7B-Instruct,0.255
black-lives-matter,Apertus-8B-Instruct-2509,Llama-3.1-70B-Instruct,0.293
black-lives-matter,Apertus-8B-Instruct-2509,Llama-3.1-8B-Instruct,0.291
black-lives-matter,Apertus-8B-Instruct-2509,Llama-3.2-1B-Instruct,0.323
black-lives-matter,Apertus-8B-Instruct-2509,Llama-3.2-3B-Instruct,0.279
black-lives-matter,Apertus-8B-Instruct-2509,Qwen2.5-14B-Instruct,0.321
black-lives-matter,Apertus-8B-Instruct-2509,Qwen2.5-72B-Instruct,0.312
black-lives-matter,Apertus-8B-Instruct-2509,Qwen2.5-7B-Instruct,0.308
black-lives-matter,Llama-3.1-70B-Instruct,Llama-3.1-8B-Instruct,0.217
black-lives-matter,Llama-3.1-70B-Instruct,Llama-3.2-1B-Instruct,0.334
black-lives-matter,Llama-3.1-70B-Instruct,Llama-3.2-3B-Instruct,0.263
black-lives-matter,Llama-3.1-70B-Instruct,Qwen2.5-14B-Instruct,0.291
black-lives-matter,Llama-3.1-70B-Instruct,Qwen2.5-72B-Instruct,0.301
black-lives-matter,Llama-3.1-70B-Instruct,Qwen2.5-7B-Instruct,0.285
black-lives-matter,Llama-3.1-8B-Instruct,Llama-3.2-1B-Instruct,0.332
black-lives-matter,Llama-3.1-8B-Instruct,Llama-3.2-3B-Instruct,0.249
black-lives-matter,Llama-3.1-8B-Instruct,Qwen2.5-14B-Instruct,0.299
black-lives-matter,Llama-3.1-8B-Instruct,Qwen2.5-72B-Instruct,0.32
black-lives-matter,Llama-3.1-8B-Instruct,Qwen2.5-7B-Instruct,0.305
black-lives-matter,Llama-3.2-1B-Instruct,Llama-3.2-3B-Instruct,0.293
black-lives-matter,Llama-3.2-1B-Instruct,Qwen2.5-14B-Instruct,0.381
black-lives-matter,Llama-3.2-1B-Instruct,Qwen2.5-72B-Instruct,0.39
black-lives-matter,Llama-3.2-1B-Instruct,Qwen2.5-7B-Instruct,0.371
black-lives-matter,Llama-3.2-3B-Instruct,Qwen2.5-14B-Instruct,0.336
black-lives-matter,Llama-3.2-3B-Instruct,Qwen2.5-72B-Instruct,0.346
black-lives-matter,Llama-3.2-3B-Instruct,Qwen2.5-7B-Instruct,0.329
black-lives-matter,Qwen2.5-14B-Instruct,Qwen2.5-72B-Instruct,0.246
black-lives-matter,Qwen2.5-14B-Instruct,Qwen2.5-7B-Instruct,0.238
black-lives-matter,Qwen2.5-72B-Instruct,Qwen2.5-7B-Instruct,0.227
capital-punishment-death-penalty,Apertus-8B-Instruct-2509,Llama-3.1-70B-Instruct,0.265
capital-punishment-death-penalty,Apertus-8B-Instruct-2509,Llama-3.1-8B-Instruct,0.275
capital-punishment-death-penalty,Apertus-8B-Instruct-2509,Llama-3.2-1B-Instruct,0.379
capital-punishment-death-penalty,Apertus-8B-Instruct-2509,Llama-3.2-3B-Instruct,0.321
capital-punishment-death-penalty,Apertus-8B-Instruct-2509,Qwen2.5-14B-Instruct,0.335
capital-punishment-death-penalty,Apertus-8B-Instruct-2509,Qwen2.5-72B-Instruct,0.317
capital-punishment-death-penalty,Apertus-8B-Instruct-2509,Qwen2.5-7B-Instruct,0.342
capital-punishment-death-penalty,Llama-3.1-70B-Instruct,Llama-3.1-8B-Instruct,0.226
capital-punishment-death-penalty,Llama-3.1-70B-Instruct,Llama-3.2-1B-Instruct,0.307
capital-punishment-death-penalty,Llama-3.1-70B-Instruct,Llama-3.2-3B-Instruct,0.244
capital-punishment-death-penalty,Llama-3.1-70B-Instruct,Qwen2.5-14B-Instruct,0.314
capital-punishment-death-penalty,Llama-3.1-70B-Instruct,Qwen2.5-72B-Instruct,0.278
capital-punishment-death-penalty,Llama-3.1-70B-Instruct,Qwen2.5-7B-Instruct,0.312
capital-punishment-death-penalty,Llama-3.1-8B-Instruct,Llama-3.2-1B-Instruct,0.309
capital-punishment-death-penalty,Llama-3.1-8B-Instruct,Llama-3.2-3B-Instruct,0.242
capital-punishment-death-penalty,Llama-3.1-8B-Instruct,Qwen2.5-14B-Instruct,0.325
capital-punishment-death-penalty,Llama-3.1-8B-Instruct,Qwen2.5-72B-Instruct,0.297
capital-punishment-death-penalty,Llama-3.1-8B-Instruct,Qwen2.5-7B-Instruct,0.34
capital-punishment-death-penalty,Llama-3.2-1B-Instruct,Llama-3.2-3B-Instruct,0.305
capital-punishment-death-penalty,Llama-3.2-1B-Instruct,Qwen2.5-14B-Instruct,0.414
capital-punishment-death-penalty,Llama-3.2-1B-Instruct,Qwen2.5-72B-Instruct,0.398
capital-punishment-death-penalty,Llama-3.2-1B-Instruct,Qwen2.5-7B-Instruct,0.391
capital-punishment-death-penalty,Llama-3.2-3B-Instruct,Qwen2.5-14B-Instruct,0.342
capital-punishment-death-penalty,Llama-3.2-3B-Instruct,Qwen2.5-72B-Instruct,0.312
capital-punishment-death-penalty,Llama-3.2-3B-Instruct,Qwen2.5-7B-Instruct,0.321
capital-punishment-death-penalty,Qwen2.5-14B-Instruct,Qwen2.5-72B-Instruct,0.266
capital-punishment-death-penalty,Qwen2.5-14B-Instruct,Qwen2.5-7B-Instruct,0.282
capital-punishment-death-penalty,Qwen2.5-72B-Instruct,Qwen2.5-7B-Instruct,0.268
capitalism,Apertus-8B-Instruct-2509,Llama-3.1-70B-Instruct,0.229
capitalism,Apertus-8B-Instruct-2509,Llama-3.1-8B-Instruct,0.246
capitalism,Apertus-8B-Instruct-2509,Llama-3.2-1B-Instruct,0.283
capitalism,Apertus-8B-Instruct-2509,Llama-3.2-3B-Instruct,0.274
capitalism,Apertus-8B-Instruct-2509,Qwen2.5-14B-Instruct,0.291
capitalism,Apertus-8B-Instruct-2509,Qwen2.5-72B-Instruct,0.257
capitalism,Apertus-8B-Instruct-2509,Qwen2.5-7B-Instruct,0.284
capitalism,Llama-3.1-70B-Instruct,Llama-3.1-8B-Instruct,0.181
capitalism,Llama-3.1-70B-Instruct,Llama-3.2-1B-Instruct,0.216
capitalism,Llama-3.1-70B-Instruct,Llama-3.2-3B-Instruct,0.208
capitalism,Llama-3.1-70B-Instruct,Qwen2.5-14B-Instruct,0.299
capitalism,Llama-3.1-70B-Instruct,Qwen2.5-72B-Instruct,0.266
capitalism,Llama-3.1-70B-Instruct,Qwen2.5-7B-Instruct,0.302
capitalism,Llama-3.1-8B-Instruct,Llama-3.2-1B-Instruct,0.255
capitalism,Llama-3.1-8B-Instruct,Llama-3.2-3B-Instruct,0.251
capitalism,Llama-3.1-8B-Instruct,Qwen2.5-14B-Instruct,0.321
capitalism,Llama-3.1-8B-Instruct,Qwen2.5-72B-Instruct,0.289
capitalism,Llama-3.1-8B-Instruct,Qwen2.5-7B-Instruct,0.322
capitalism,Llama-3.2-1B-Instruct,Llama-3.2-3B-Instruct,0.216
capitalism,Llama-3.2-1B-Instruct,Qwen2.5-14B-Instruct,0.356
capitalism,Llama-3.2-1B-Instruct,Qwen2.5-72B-Instruct,0.301
capitalism,Llama-3.2-1B-Instruct,Qwen2.5-7B-Instruct,0.334
capitalism,Llama-3.2-3B-Instruct,Qwen2.5-14B-Instruct,0.34
capitalism,Llama-3.2-3B-Instruct,Qwen2.5-72B-Instruct,0.301
capitalism,Llama-3.2-3B-Instruct,Qwen2.5-7B-Instruct,0.342
capitalism,Qwen2.5-14B-Instruct,Qwen2.5-72B-Instruct,0.276
capitalism,Qwen2.5-14B-Instruct,Qwen2.5-7B-Instruct,0.317
capitalism,Qwen2.5-72B-Instruct,Qwen2.5-7B-Instruct,0.299
civil-rights,Apertus-8B-Instruct-2509,Llama-3.1-70B-Instruct,0.27
civil-rights,Apertus-8B-Instruct-2509,Llama-3.1-8B-Instruct,0.289
civil-rights,Apertus-8B-Instruct-2509,Llama-3.2-1B-Instruct,0.324
civil-rights,Apertus-8B-Instruct-2509,Llama-3.2-3B-Instruct,0.265
civil-rights,Apertus-8B-Instruct-2509,Qwen2.5-14B-Instruct,0.297
civil-rights,Apertus-8B-Instruct-2509,Qwen2.5-72B-Instruct,0.311
civil-rights,Apertus-8B-Instruct-2509,Qwen2.5-7B-Instruct,0.26
civil-rights,Llama-3.1-70B-Instruct,Llama-3.1-8B-Instruct,0.254
civil-rights,Llama-3.1-70B-Instruct,Llama-3.2-1B-Instruct,0.314
civil-rights,Llama-3.1-70B-Instruct,Llama-3.2-3B-Instruct,0.234
civil-rights,Llama-3.1-70B-Instruct,Qwen2.5-14B-Instruct,0.306
civil-rights,Llama-3.1-70B-Instruct,Qwen2.5-72B-Instruct,0.319
civil-rights,Llama-3.1-70B-Instruct,Qwen2.5-7B-Instruct,0.3
civil-rights,Llama-3.1-8B-Instruct,Llama-3.2-1B-Instruct,0.298
civil-rights,Llama-3.1-8B-Instruct,Llama-3.2-3B-Instruct,0.231
civil-rights,Llama-3.1-8B-Instruct,Qwen2.5-14B-Instruct,0.322
civil-rights,Llama-3.1-8B-Instruct,Qwen2.5-72B-Instruct,0.326
civil-rights,Llama-3.1-8B-Instruct,Qwen2.5-7B-Instruct,0.31
civil-rights,Llama-3.2-1B-Instruct,Llama-3.2-3B-Instruct,0.277
civil-rights,Llama-3.2-1B-Instruct,Qwen2.5-14B-Instruct,0.355
civil-rights,Llama-3.2-1B-Instruct,Qwen2.5-72B-Instruct,0.36
civil-rights,Llama-3.2-1B-Instruct,Qwen2.5-7B-Instruct,0.338
civil-rights,Llama-3.2-3B-Instruct,Qwen2.5-14B-Instruct,0.312
civil-rights,Llama-3.2-3B-Instruct,Qwen2.5-72B-Instruct,0.33
civil-rights,Llama-3.2-3B-Instruct,Qwen2.5-7B-Instruct,0.298
civil-rights,Qwen2.5-14B-Instruct,Qwen2.5-72B-Instruct,0.257
civil-rights,Qwen2.5-14B-Instruct,Qwen2.5-7B-Instruct,0.297
civil-rights,Qwen2.5-72B-Instruct,Qwen2.5-7B-Instruct,0.286
civil-society,Apertus-8B-Instruct-2509,Llama-3.1-70B-Instruct,0.317
civil-society,Apertus-8B-Instruct-2509,Llama-3.1-8B-Instruct,0.347
civil-society,Apertus-8B-Instruct-2509,Llama-3.2-1B-Instruct,0.375
civil-society,Apertus-8B-Instruct-2509,Llama-3.2-3B-Instruct,0.341
civil-society,Apertus-8B-Instruct-2509,Qwen2.5-14B-Instruct,0.401
civil-society,Apertus-8B-Instruct-2509,Qwen2.5-72B-Instruct,0.336
civil-society,Apertus-8B-Instruct-2509,Qwen2.5-7B-Instruct,0.384
civil-society,Llama-3.1-70B-Instruct,Llama-3.1-8B-Instruct,0.256
civil-society,Llama-3.1-70B-Instruct,Llama-3.2-1B-Instruct,0.314
civil-society,Llama-3.1-70B-Instruct,Llama-3.2-3B-Instruct,0.263
civil-society,Llama-3.1-70B-Instruct,Qwen2.5-14B-Instruct,0.331
civil-society,Llama-3.1-70B-Instruct,Qwen2.5-72B-Instruct,0.301
civil-society,Llama-3.1-70B-Instruct,Qwen2.5-7B-Instruct,0.359
civil-society,Llama-3.1-8B-Instruct,Llama-3.2-1B-Instruct,0.326
civil-society,Llama-3.1-8B-Instruct,Llama-3.2-3B-Instruct,0.286
civil-society,Llama-3.1-8B-Instruct,Qwen2.5-14B-Instruct,0.356
civil-society,Llama-3.1-8B-Instruct,Qwen2.5-72B-Instruct,0.321
civil-society,Llama-3.1-8B-Instruct,Qwen2.5-7B-Instruct,0.39
civil-society,Llama-3.2-1B-Instruct,Llama-3.2-3B-Instruct,0.314
civil-society,Llama-3.2-1B-Instruct,Qwen2.5-14B-Instruct,0.4
civil-society,Llama-3.2-1B-Instruct,Qwen2.5-72B-Instruct,0.371
civil-society,Llama-3.2-1B-Instruct,Qwen2.5-7B-Instruct,0.411
civil-society,Llama-3.2-3B-Instruct,Qwen2.5-14B-Instruct,0.382
civil-society,Llama-3.2-3B-Instruct,Qwen2.5-72B-Instruct,0.342
civil-society,Llama-3.2-3B-Instruct,Qwen2.5-7B-Instruct,0.378
civil-society,Qwen2.5-14B-Instruct,Qwen2.5-72B-Instruct,0.31
civil-society,Qwen2.5-14B-Instruct,Qwen2.5-7B-Instruct,0.331
civil-society,Qwen2.5-72B-Instruct,Qwen2.5-7B-Instruct,0.345
color-blindness,Apertus-8B-Instruct-2509,Llama-3.1-70B-Instruct,0.297
color-blindness,Apertus-8B-Instruct-2509,Llama-3.1-8B-Instruct,0.292
color-blindness,Apertus-8B-Instruct-2509,Llama-3.2-1B-Instruct,0.329
color-blindness,Apertus-8B-Instruct-2509,Llama-3.2-3B-Instruct,0.28
color-blindness,Apertus-8B-Instruct-2509,Qwen2.5-14B-Instruct,0.284
color-blindness,Apertus-8B-Instruct-2509,Qwen2.5-72B-Instruct,0.271
color-blindness,Apertus-8B-Instruct-2509,Qwen2.5-7B-Instruct,0.32
color-blindness,Llama-3.1-70B-Instruct,Llama-3.1-8B-Instruct,0.206
color-blindness,Llama-3.1-70B-Instruct,Llama-3.2-1B-Instruct,0.308
color-blindness,Llama-3.1-70B-Instruct,Llama-3.2-3B-Instruct,0.276
color-blindness,Llama-3.1-70B-Instruct,Qwen2.5-14B-Instruct,0.293
color-blindness,Llama-3.1-70B-Instruct,Qwen2.5-72B-Instruct,0.267
color-blindness,Llama-3.1-70B-Instruct,Qwen2.5-7B-Instruct,0.352
color-blindness,Llama-3.1-8B-Instruct,Llama-3.2-1B-Instruct,0.285
color-blindness,Llama-3.1-8B-Instruct,Llama-3.2-3B-Instruct,0.25
color-blindness,Llama-3.1-8B-Instruct,Qwen2.5-14B-Instruct,0.32
color-blindness,Llama-3.1-8B-Instruct,Qwen2.5-72B-Instruct,0.306
color-blindness,Llama-3.1-8B-Instruct,Qwen2.5-7B-Instruct,0.347
color-blindness,Llama-3.2-1B-Instruct,Llama-3.2-3B-Instruct,0.255
color-blindness,Llama-3.2-1B-Instruct,Qwen2.5-14B-Instruct,0.356
color-blindness,Llama-3.2-1B-Instruct,Qwen2.5-72B-Instruct,0.321
color-blindness,Llama-3.2-1B-Instruct,Qwen2.5-7B-Instruct,0.359
color-blindness,Llama-3.2-3B-Instruct,Qwen2.5-14B-Instruct,0.336
color-blindness,Llama-3.2-3B-Instruct,Qwen2.5-72B-Instruct,0.333
color-blindness,Llama-3.2-3B-Instruct,Qwen2.5-7B-Instruct,0.313
color-blindness,Qwen2.5-14B-Instruct,Qwen2.5-72B-Instruct,0.235
color-blindness,Qwen2.5-14B-Instruct,Qwen2.5-7B-Instruct,0.333
color-blindness,Qwen2.5-72B-Instruct,Qwen2.5-7B-Instruct,0.337
common-core,Apertus-8B-Instruct-2509,Llama-3.1-70B-Instruct,0.268
common-core,Apertus-8B-Instruct-2509,Llama-3.1-8B-Instruct,0.324
common-core,Apertus-8B-Instruct-2509,Llama-3.2-1B-Instruct,0.308
common-core,Apertus-8B-Instruct-2509,Llama-3.2-3B-Instruct,0.298
common-core,Apertus-8B-Instruct-2509,Qwen2.5-14B-Instruct,0.297
common-core,Apertus-8B-Instruct-2509,Qwen2.5-72B-Instruct,0.292
common-core,Apertus-8B-Instruct-2509,Qwen2.5-7B-Instruct,0.284
common-core,Llama-3.1-70B-Instruct,Llama-3.1-8B-Instruct,0.21
common-core,Llama-3.1-70B-Instruct,Llama-3.2-1B-Instruct,0.29
common-core,Llama-3.1-70B-Instruct,Llama-3.2-3B-Instruct,0.199
common-core,Llama-3.1-70B-Instruct,Qwen2.5-14B-Instruct,0.266
common-core,Llama-3.1-70B-Instruct,Qwen2.5-72B-Instruct,0.257
common-core,Llama-3.1-70B-Instruct,Qwen2.5-7B-Instruct,0.266
common-core,Llama-3.1-8B-Instruct,Llama-3.2-1B-Instruct,0.345
common-core,Llama-3.1-8B-Instruct,Llama-3.2-3B-Instruct,0.22
common-core,Llama-3.1-8B-Instruct,Qwen2.5-14B-Instruct,0.283
common-core,Llama-3.1-8B-Instruct,Qwen2.5-72B-Instruct,0.302
common-core,Llama-3.1-8B-Instruct,Qwen2.5-7B-Instruct,0.299
common-core,Llama-3.2-1B-Instruct,Llama-3.2-3B-Instruct,0.289
common-core,Llama-3.2-1B-Instruct,Qwen2.5-14B-Instruct,0.345
common-core,Llama-3.2-1B-Instruct,Qwen2.5-72B-Instruct,0.365
common-core,Llama-3.2-1B-Instruct,Qwen2.5-7B-Instruct,0.336
common-core,Llama-3.2-3B-Instruct,Qwen2.5-14B-Instruct,0.3
common-core,Llama-3.2-3B-Instruct,Qwen2.5-72B-Instruct,0.297
common-core,Llama-3.2-3B-Instruct,Qwen2.5-7B-Instruct,0.293
common-core,Qwen2.5-14B-Instruct,Qwen2.5-72B-Instruct,0.242
common-core,Qwen2.5-14B-Instruct,Qwen2.5-7B-Instruct,0.208
common-core,Qwen2.5-72B-Instruct,Qwen2.5-7B-Instruct,0.229
conservative,Apertus-8B-Instruct-2509,Llama-3.1-70B-Instruct,0.301
conservative,Apertus-8B-Instruct-2509,Llama-3.1-8B-Instruct,0.328
conservative,Apertus-8B-Instruct-2509,Llama-3.2-1B-Instruct,0.313
conservative,Apertus-8B-Instruct-2509,Llama-3.2-3B-Instruct,0.302
conservative,Apertus-8B-Instruct-2509,Qwen2.5-14B-Instruct,0.3
conservative,Apertus-8B-Instruct-2509,Qwen2.5-72B-Instruct,0.362
conservative,Apertus-8B-Instruct-2509,Qwen2.5-7B-Instruct,0.321
conservative,Llama-3.1-70B-Instruct,Llama-3.1-8B-Instruct,0.277
conservative,Llama-3.1-70B-Instruct,Llama-3.2-1B-Instruct,0.293
conservative,Llama-3.1-70B-Instruct,Llama-3.2-3B-Instruct,0.238
conservative,Llama-3.1-70B-Instruct,Qwen2.5-14B-Instruct,0.309
conservative,Llama-3.1-70B-Instruct,Qwen2.5-72B-Instruct,0.34
conservative,Llama-3.1-70B-Instruct,Qwen2.5-7B-Instruct,0.336
conservative,Llama-3.1-8B-Instruct,Llama-3.2-1B-Instruct,0.348
conservative,Llama-3.1-8B-Instruct,Llama-3.2-3B-Instruct,0.317
conservative,Llama-3.1-8B-Instruct,Qwen2.5-14B-Instruct,0.39
conservative,Llama-3.1-8B-Instruct,Qwen2.5-72B-Instruct,0.404
conservative,Llama-3.1-8B-Instruct,Qwen2.5-7B-Instruct,0.397
conservative,Llama-3.2-1B-Instruct,Llama-3.2-3B-Instruct,0.285
conservative,Llama-3.2-1B-Instruct,Qwen2.5-14B-Instruct,0.341
conservative,Llama-3.2-1B-Instruct,Qwen2.5-72B-Instruct,0.391
conservative,Llama-3.2-1B-Instruct,Qwen2.5-7B-Instruct,0.347
conservative,Llama-3.2-3B-Instruct,Qwen2.5-14B-Instruct,0.332
conservative,Llama-3.2-3B-Instruct,Qwen2.5-72B-Instruct,0.386
conservative,Llama-3.2-3B-Instruct,Qwen2.5-7B-Instruct,0.358
conservative,Qwen2.5-14B-Instruct,Qwen2.5-72B-Instruct,0.33
conservative,Qwen2.5-14B-Instruct,Qwen2.5-7B-Instruct,0.268
conservative,Qwen2.5-72B-Instruct,Qwen2.5-7B-Instruct,0.33
conversion-therapy-reparative-therapy,Apertus-8B-Instruct-2509,Llama-3.1-70B-Instruct,0.275
conversion-therapy-reparative-therapy,Apertus-8B-Instruct-2509,Llama-3.1-8B-Instruct,0.267
conversion-therapy-reparative-therapy,Apertus-8B-Instruct-2509,Llama-3.2-1B-Instruct,0.312
conversion-therapy-reparative-therapy,Apertus-8B-Instruct-2509,Llama-3.2-3B-Instruct,0.291
conversion-therapy-reparative-therapy,Apertus-8B-Instruct-2509,Qwen2.5-14B-Instruct,0.334
conversion-therapy-reparative-therapy,Apertus-8B-Instruct-2509,Qwen2.5-72B-Instruct,0.345
conversion-therapy-reparative-therapy,Apertus-8B-Instruct-2509,Qwen2.5-7B-Instruct,0.337
conversion-therapy-reparative-therapy,Llama-3.1-70B-Instruct,Llama-3.1-8B-Instruct,0.216
conversion-therapy-reparative-therapy,Llama-3.1-70B-Instruct,Llama-3.2-1B-Instruct,0.313
conversion-therapy-reparative-therapy,Llama-3.1-70B-Instruct,Llama-3.2-3B-Instruct,0.243
conversion-therapy-reparative-therapy,Llama-3.1-70B-Instruct,Qwen2.5-14B-Instruct,0.327
conversion-therapy-reparative-therapy,Llama-3.1-70B-Instruct,Qwen2.5-72B-Instruct,0.324
conversion-therapy-reparative-therapy,Llama-3.1-70B-Instruct,Qwen2.5-7B-Instruct,0.336
conversion-therapy-reparative-therapy,Llama-3.1-8B-Instruct,Llama-3.2-1B-Instruct,0.316
conversion-therapy-reparative-therapy,Llama-3.1-8B-Instruct,Llama-3.2-3B-Instruct,0.251
conversion-therapy-reparative-therapy,Llama-3.1-8B-Instruct,Qwen2.5-14B-Instruct,0.342
conversion-therapy-reparative-therapy,Llama-3.1-8B-Instruct,Qwen2.5-72B-Instruct,0.338
conversion-therapy-reparative-therapy,Llama-3.1-8B-Instruct,Qwen2.5-7B-Instruct,0.341
conversion-therapy-reparative-therapy,Llama-3.2-1B-Instruct,Llama-3.2-3B-Instruct,0.259
conversion-therapy-reparative-therapy,Llama-3.2-1B-Instruct,Qwen2.5-14B-Instruct,0.409
conversion-therapy-reparative-therapy,Llama-3.2-1B-Instruct,Qwen2.5-72B-Instruct,0.413
conversion-therapy-reparative-therapy,Llama-3.2-1B-Instruct,Qwen2.5-7B-Instruct,0.374
conversion-therapy-reparative-therapy,Llama-3.2-3B-Instruct,Qwen2.5-14B-Instruct,0.355
conversion-therapy-reparative-therapy,Llama-3.2-3B-Instruct,Qwen2.5-72B-Instruct,0.341
conversion-therapy-reparative-therapy,Llama-3.2-3B-Instruct,Qwen2.5-7B-Instruct,0.341
conversion-therapy-reparative-therapy,Qwen2.5-14B-Instruct,Qwen2.5-72B-Instruct,0.335
conversion-therapy-reparative-therapy,Qwen2.5-14B-Instruct,Qwen2.5-7B-Instruct,0.247
conversion-therapy-reparative-therapy,Qwen2.5-72B-Instruct,Qwen2.5-7B-Instruct,0.323
discrimination,Apertus-8B-Instruct-2509,Llama-3.1-70B-Instruct,0.356
discrimination,Apertus-8B-Instruct-2509,Llama-3.1-8B-Instruct,0.369
discrimination,Apertus-8B-Instruct-2509,Llama-3.2-1B-Instruct,0.396
discrimination,Apertus-8B-Instruct-2509,Llama-3.2-3B-Instruct,0.369
discrimination,Apertus-8B-Instruct-2509,Qwen2.5-14B-Instruct,0.331
discrimination,Apertus-8B-Instruct-2509,Qwen2.5-72B-Instruct,0.345
discrimination,Apertus-8B-Instruct-2509,Qwen2.5-7B-Instruct,0.322
discrimination,Llama-3.1-70B-Instruct,Llama-3.1-8B-Instruct,0.267
discrimination,Llama-3.1-70B-Instruct,Llama-3.2-1B-Instruct,0.352
discrimination,Llama-3.1-70B-Instruct,Llama-3.2-3B-Instruct,0.302
discrimination,Llama-3.1-70B-Instruct,Qwen2.5-14B-Instruct,0.35
discrimination,Llama-3.1-70B-Instruct,Qwen2.5-72B-Instruct,0.349
discrimination,Llama-3.1-70B-Instruct,Qwen2.5-7B-Instruct,0.362
discrimination,Llama-3.1-8B-Instruct,Llama-3.2-1B-Instruct,0.378
discrimination,Llama-3.1-8B-Instruct,Llama-3.2-3B-Instruct,0.291
discrimination,Llama-3.1-8B-Instruct,Qwen2.5-14B-Instruct,0.342
discrimination,Llama-3.1-8B-Instruct,Qwen2.5-72B-Instruct,0.353
discrimination,Llama-3.1-8B-Instruct,Qwen2.5-7B-Instruct,0.359
discrimination,Llama-3.2-1B-Instruct,Llama-3.2-3B-Instruct,0.358
discrimination,Llama-3.2-1B-Instruct,Qwen2.5-14B-Instruct,0.416
discrimination,Llama-3.2-1B-Instruct,Qwen2.5-72B-Instruct,0.396
discrimination,Llama-3.2-1B-Instruct,Qwen2.5-7B-Instruct,0.426
discrimination,Llama-3.2-3B-Instruct,Qwen2.5-14B-Instruct,0.395
discrimination,Llama-3.2-3B-Instruct,Qwen2.5-72B-Instruct,0.409
discrimination,Llama-3.2-3B-Instruct,Qwen2.5-7B-Instruct,0.4
discrimination,Qwen2.5-14B-Instruct,Qwen2.5-72B-Instruct,0.322
discrimination,Qwen2.5-14B-Instruct,Qwen2.5-7B-Instruct,0.305
discrimination,Qwen2.5-72B-Instruct,Qwen2.5-7B-Instruct,0.301
environmentalist-environmentalism,Apertus-8B-Instruct-2509,Llama-3.1-70B-Instruct,0.289
environmentalist-environmentalism,Apertus-8B-Instruct-2509,Llama-3.1-8B-Instruct,0.291
environmentalist-environmentalism,Apertus-8B-Instruct-2509,Llama-3.2-1B-Instruct,0.339
environmentalist-environmentalism,Apertus-8B-Instruct-2509,Llama-3.2-3B-Instruct,0.302
environmentalist-environmentalism,Apertus-8B-Instruct-2509,Qwen2.5-14B-Instruct,0.316
environmentalist-environmentalism,Apertus-8B-Instruct-2509,Qwen2.5-72B-Instruct,0.327
environmentalist-environmentalism,Apertus-8B-Instruct-2509,Qwen2.5-7B-Instruct,0.411
environmentalist-environmentalism,Llama-3.1-70B-Instruct,Llama-3.1-8B-Instruct,0.263
environmentalist-environmentalism,Llama-3.1-70B-Instruct,Llama-3.2-1B-Instruct,0.292
environmentalist-environmentalism,Llama-3.1-70B-Instruct,Llama-3.2-3B-Instruct,0.259
environmentalist-environmentalism,Llama-3.1-70B-Instruct,Qwen2.5-14B-Instruct,0.315
environmentalist-environmentalism,Llama-3.1-70B-Instruct,Qwen2.5-72B-Instruct,0.304
environmentalist-environmentalism,Llama-3.1-70B-Instruct,Qwen2.5-7B-Instruct,0.425
environmentalist-environmentalism,Llama-3.1-8B-Instruct,Llama-3.2-1B-Instruct,0.269
environmentalist-environmentalism,Llama-3.1-8B-Instruct,Llama-3.2-3B-Instruct,0.252
environmentalist-environmentalism,Llama-3.1-8B-Instruct,Qwen2.5-14B-Instruct,0.31
environmentalist-environmentalism,Llama-3.1-8B-Instruct,Qwen2.5-72B-Instruct,0.304
environmentalist-environmentalism,Llama-3.1-8B-Instruct,Qwen2.5-7B-Instruct,0.435
environmentalist-environmentalism,Llama-3.2-1B-Instruct,Llama-3.2-3B-Instruct,0.308
environmentalist-environmentalism,Llama-3.2-1B-Instruct,Qwen2.5-14B-Instruct,0.339
environmentalist-environmentalism,Llama-3.2-1B-Instruct,Qwen2.5-72B-Instruct,0.35
environmentalist-environmentalism,Llama-3.2-1B-Instruct,Qwen2.5-7B-Instruct,0.438
environmentalist-environmentalism,Llama-3.2-3B-Instruct,Qwen2.5-14B-Instruct,0.305
environmentalist-environmentalism,Llama-3.2-3B-Instruct,Qwen2.5-72B-Instruct,0.299
environmentalist-environmentalism,Llama-3.2-3B-Instruct,Qwen2.5-7B-Instruct,0.417
environmentalist-environmentalism,Qwen2.5-14B-Instruct,Qwen2.5-72B-Instruct,0.276
environmentalist-environmentalism,Qwen2.5-14B-Instruct,Qwen2.5-7B-Instruct,0.398
environmentalist-environmentalism,Qwen2.5-72B-Instruct,Qwen2.5-7B-Instruct,0.423
equality,Apertus-8B-Instruct-2509,Llama-3.1-70B-Instruct,0.2
equality,Apertus-8B-Instruct-2509,Llama-3.1-8B-Instruct,0.221
equality,Apertus-8B-Instruct-2509,Llama-3.2-1B-Instruct,0.248
equality,Apertus-8B-Instruct-2509,Llama-3.2-3B-Instruct,0.207
equality,Apertus-8B-Instruct-2509,Qwen2.5-14B-Instruct,0.238
equality,Apertus-8B-Instruct-2509,Qwen2.5-72B-Instruct,0.239
equality,Apertus-8B-Instruct-2509,Qwen2.5-7B-Instruct,0.236
equality,Llama-3.1-70B-Instruct,Llama-3.1-8B-Instruct,0.158
equality,Llama-3.1-70B-Instruct,Llama-3.2-1B-Instruct,0.202
equality,Llama-3.1-70B-Instruct,Llama-3.2-3B-Instruct,0.161
equality,Llama-3.1-70B-Instruct,Qwen2.5-14B-Instruct,0.237
equality,Llama-3.1-70B-Instruct,Qwen2.5-72B-Instruct,0.221
equality,Llama-3.1-70B-Instruct,Qwen2.5-7B-Instruct,0.226
equality,Llama-3.1-8B-Instruct,Llama-3.2-1B-Instruct,0.216
equality,Llama-3.1-8B-Instruct,Llama-3.2-3B-Instruct,0.164
equality,Llama-3.1-8B-Instruct,Qwen2.5-14B-Instruct,0.253
equality,Llama-3.1-8B-Instruct,Qwen2.5-72B-Instruct,0.231
equality,Llama-3.1-8B-Instruct,Qwen2.5-7B-Instruct,0.236
equality,Llama-3.2-1B-Instruct,Llama-3.2-3B-Instruct,0.193
equality,Llama-3.2-1B-Instruct,Qwen2.5-14B-Instruct,0.286
equality,Llama-3.2-1B-Instruct,Qwen2.5-72B-Instruct,0.269
equality,Llama-3.2-1B-Instruct,Qwen2.5-7B-Instruct,0.261
equality,Llama-3.2-3B-Instruct,Qwen2.5-14B-Instruct,0.256
equality,Llama-3.2-3B-Instruct,Qwen2.5-72B-Instruct,0.239
equality,Llama-3.2-3B-Instruct,Qwen2.5-7B-Instruct,0.234
equality,Qwen2.5-14B-Instruct,Qwen2.5-72B-Instruct,0.173
equality,Qwen2.5-14B-Instruct,Qwen2.5-7B-Instruct,0.168
equality,Qwen2.5-72B-Instruct,Qwen2.5-7B-Instruct,0.184
filter-bubble,Apertus-8B-Instruct-2509,Llama-3.1-70B-Instruct,0.27
filter-bubble,Apertus-8B-Instruct-2509,Llama-3.1-8B-Instruct,0.272
filter-bubble,Apertus-8B-Instruct-2509,Llama-3.2-1B-Instruct,0.276
filter-bubble,Apertus-8B-Instruct-2509,Llama-3.2-3B-Instruct,0.234
filter-bubble,Apertus-8B-Instruct-2509,Qwen2.5-14B-Instruct,0.278
filter-bubble,Apertus-8B-Instruct-2509,Qwen2.5-72B-Instruct,0.298
filter-bubble,Apertus-8B-Instruct-2509,Qwen2.5-7B-Instruct,0.284
filter-bubble,Llama-3.1-70B-Instruct,Llama-3.1-8B-Instruct,0.247
filter-bubble,Llama-3.1-70B-Instruct,Llama-3.2-1B-Instruct,0.28
filter-bubble,Llama-3.1-70B-Instruct,Llama-3.2-3B-Instruct,0.236
filter-bubble,Llama-3.1-70B-Instruct,Qwen2.5-14B-Instruct,0.307
filter-bubble,Llama-3.1-70B-Instruct,Qwen2.5-72B-Instruct,0.321
filter-bubble,Llama-3.1-70B-Instruct,Qwen2.5-7B-Instruct,0.299
filter-bubble,Llama-3.1-8B-Instruct,Llama-3.2-1B-Instruct,0.258
filter-bubble,Llama-3.1-8B-Instruct,Llama-3.2-3B-Instruct,0.224
filter-bubble,Llama-3.1-8B-Instruct,Qwen2.5-14B-Instruct,0.339
filter-bubble,Llama-3.1-8B-Instruct,Qwen2.5-72B-Instruct,0.347
filter-bubble,Llama-3.1-8B-Instruct,Qwen2.5-7B-Instruct,0.294
filter-bubble,Llama-3.2-1B-Instruct,Llama-3.2-3B-Instruct,0.24
filter-bubble,Llama-3.2-1B-Instruct,Qwen2.5-14B-Instruct,0.329
filter-bubble,Llama-3.2-1B-Instruct,Qwen2.5-72B-Instruct,0.343
filter-bubble,Llama-3.2-1B-Instruct,Qwen2.5-7B-Instruct,0.303
filter-bubble,Llama-3.2-3B-Instruct,Qwen2.5-14B-Instruct,0.307
filter-bubble,Llama-3.2-3B-Instruct,Qwen2.5-72B-Instruct,0.314
filter-bubble,Llama-3.2-3B-Instruct,Qwen2.5-7B-Instruct,0.28
filter-bubble,Qwen2.5-14B-Instruct,Qwen2.5-72B-Instruct,0.302
filter-bubble,Qwen2.5-14B-Instruct,Qwen2.5-7B-Instruct,0.252
filter-bubble,Qwen2.5-72B-Instruct,Qwen2.5-7B-Instruct,0.282
forced-treatment,Apertus-8B-Instruct-2509,Llama-3.1-70B-Instruct,0.286
forced-treatment,Apertus-8B-Instruct-2509,Llama-3.1-8B-Instruct,0.268
forced-treatment,Apertus-8B-Instruct-2509,Llama-3.2-1B-Instruct,0.312
forced-treatment,Apertus-8B-Instruct-2509,Llama-3.2-3B-Instruct,0.285
forced-treatment,Apertus-8B-Instruct-2509,Qwen2.5-14B-Instruct,0.297
forced-treatment,Apertus-8B-Instruct-2509,Qwen2.5-72B-Instruct,0.252
forced-treatment,Apertus-8B-Instruct-2509,Qwen2.5-7B-Instruct,0.251
forced-treatment,Llama-3.1-70B-Instruct,Llama-3.1-8B-Instruct,0.212
forced-treatment,Llama-3.1-70B-Instruct,Llama-3.2-1B-Instruct,0.289
forced-treatment,Llama-3.1-70B-Instruct,Llama-3.2-3B-Instruct,0.228
forced-treatment,Llama-3.1-70B-Instruct,Qwen2.5-14B-Instruct,0.302
forced-treatment,Llama-3.1-70B-Instruct,Qwen2.5-72B-Instruct,0.257
forced-treatment,Llama-3.1-70B-Instruct,Qwen2.5-7B-Instruct,0.27
forced-treatment,Llama-3.1-8B-Instruct,Llama-3.2-1B-Instruct,0.3
forced-treatment,Llama-3.1-8B-Instruct,Llama-3.2-3B-Instruct,0.201
forced-treatment,Llama-3.1-8B-Instruct,Qwen2.5-14B-Instruct,0.314
forced-treatment,Llama-3.1-8B-Instruct,Qwen2.5-72B-Instruct,0.256
forced-treatment,Llama-3.1-8B-Instruct,Qwen2.5-7B-Instruct,0.292
forced-treatment,Llama-3.2-1B-Instruct,Llama-3.2-3B-Instruct,0.267
forced-treatment,Llama-3.2-1B-Instruct,Qwen2.5-14B-Instruct,0.335
forced-treatment,Llama-3.2-1B-Instruct,Qwen2.5-72B-Instruct,0.306
forced-treatment,Llama-3.2-1B-Instruct,Qwen2.5-7B-Instruct,0.309
forced-treatment,Llama-3.2-3B-Instruct,Qwen2.5-14B-Instruct,0.318
forced-treatment,Llama-3.2-3B-Instruct,Qwen2.5-72B-Instruct,0.277
forced-treatment,Llama-3.2-3B-Instruct,Qwen2.5-7B-Instruct,0.287
forced-treatment,Qwen2.5-14B-Instruct,Qwen2.5-72B-Instruct,0.273
forced-treatment,Qwen2.5-14B-Instruct,Qwen2.5-7B-Instruct,0.244
forced-treatment,Qwen2.5-72B-Instruct,Qwen2.5-7B-Instruct,0.233
freedom-of-religion-religious-freedom-religious-liberty,Apertus-8B-Instruct-2509,Llama-3.1-70B-Instruct,0.352
freedom-of-religion-religious-freedom-religious-liberty,Apertus-8B-Instruct-2509,Llama-3.1-8B-Instruct,0.4
freedom-of-religion-religious-freedom-religious-liberty,Apertus-8B-Instruct-2509,Llama-3.2-1B-Instruct,0.356
freedom-of-religion-religious-freedom-religious-liberty,Apertus-8B-Instruct-2509,Llama-3.2-3B-Instruct,0.332
freedom-of-religion-religious-freedom-religious-liberty,Apertus-8B-Instruct-2509,Qwen2.5-14B-Instruct,0.282
freedom-of-religion-religious-freedom-religious-liberty,Apertus-8B-Instruct-2509,Qwen2.5-72B-Instruct,0.352
freedom-of-religion-religious-freedom-religious-liberty,Apertus-8B-Instruct-2509,Qwen2.5-7B-Instruct,0.342
freedom-of-religion-religious-freedom-religious-liberty,Llama-3.1-70B-Instruct,Llama-3.1-8B-Instruct,0.264
freedom-of-religion-religious-freedom-religious-liberty,Llama-3.1-70B-Instruct,Llama-3.2-1B-Instruct,0.316
freedom-of-religion-religious-freedom-religious-liberty,Llama-3.1-70B-Instruct,Llama-3.2-3B-Instruct,0.259
freedom-of-religion-religious-freedom-religious-liberty,Llama-3.1-70B-Instruct,Qwen2.5-14B-Instruct,0.358
freedom-of-religion-religious-freedom-religious-liberty,Llama-3.1-70B-Instruct,Qwen2.5-72B-Instruct,0.351
freedom-of-religion-religious-freedom-religious-liberty,Llama-3.1-70B-Instruct,Qwen2.5-7B-Instruct,0.326
freedom-of-religion-religious-freedom-religious-liberty,Llama-3.1-8B-Instruct,Llama-3.2-1B-Instruct,0.338
freedom-of-religion-religious-freedom-religious-liberty,Llama-3.1-8B-Instruct,Llama-3.2-3B-Instruct,0.259
freedom-of-religion-religious-freedom-religious-liberty,Llama-3.1-8B-Instruct,Qwen2.5-14B-Instruct,0.385
freedom-of-religion-religious-freedom-religious-liberty,Llama-3.1-8B-Instruct,Qwen2.5-72B-Instruct,0.363
freedom-of-religion-religious-freedom-religious-liberty,Llama-3.1-8B-Instruct,Qwen2.5-7B-Instruct,0.347
freedom-of-religion-religious-freedom-religious-liberty,Llama-3.2-1B-Instruct,Llama-3.2-3B-Instruct,0.303
freedom-of-religion-religious-freedom-religious-liberty,Llama-3.2-1B-Instruct,Qwen2.5-14B-Instruct,0.366
freedom-of-religion-religious-freedom-religious-liberty,Llama-3.2-1B-Instruct,Qwen2.5-72B-Instruct,0.38
freedom-of-religion-religious-freedom-religious-liberty,Llama-3.2-1B-Instruct,Qwen2.5-7B-Instruct,0.353
freedom-of-religion-religious-freedom-religious-liberty,Llama-3.2-3B-Instruct,Qwen2.5-14B-Instruct,0.338
freedom-of-religion-religious-freedom-religious-liberty,Llama-3.2-3B-Instruct,Qwen2.5-72B-Instruct,0.339
freedom-of-religion-religious-freedom-religious-liberty,Llama-3.2-3B-Instruct,Qwen2.5-7B-Instruct,0.296
freedom-of-religion-religious-freedom-religious-liberty,Qwen2.5-14B-Instruct,Qwen2.5-72B-Instruct,0.3
freedom-of-religion-religious-freedom-religious-liberty,Qwen2.5-14B-Instruct,Qwen2.5-7B-Instruct,0.285
freedom-of-religion-religious-freedom-religious-liberty,Qwen2.5-72B-Instruct,Qwen2.5-7B-Instruct,0.287
gun-control,Apertus-8B-Instruct-2509,Llama-3.1-70B-Instruct,0.208
gun-control,Apertus-8B-Instruct-2509,Llama-3.1-8B-Instruct,0.22
gun-control,Apertus-8B-Instruct-2509,Llama-3.2-1B-Instruct,0.229
gun-control,Apertus-8B-Instruct-2509,Llama-3.2-3B-Instruct,0.217
gun-control,Apertus-8B-Instruct-2509,Qwen2.5-14B-Instruct,0.208
gun-control,Apertus-8B-Instruct-2509,Qwen2.5-72B-Instruct,0.22
gun-control,Apertus-8B-Instruct-2509,Qwen2.5-7B-Instruct,0.212
gun-control,Llama-3.1-70B-Instruct,Llama-3.1-8B-Instruct,0.143
gun-control,Llama-3.1-70B-Instruct,Llama-3.2-1B-Instruct,0.204
gun-control,Llama-3.1-70B-Instruct,Llama-3.2-3B-Instruct,0.154
gun-control,Llama-3.1-70B-Instruct,Qwen2.5-14B-Instruct,0.236
gun-control,Llama-3.1-70B-Instruct,Qwen2.5-72B-Instruct,0.215
gun-control,Llama-3.1-70B-Instruct,Qwen2.5-7B-Instruct,0.204
gun-control,Llama-3.1-8B-Instruct,Llama-3.2-1B-Instruct,0.196
gun-control,Llama-3.1-8B-Instruct,Llama-3.2-3B-Instruct,0.158
gun-control,Llama-3.1-8B-Instruct,Qwen2.5-14B-Instruct,0.246
gun-control,Llama-3.1-8B-Instruct,Qwen2.5-72B-Instruct,0.239
gun-control,Llama-3.1-8B-Instruct,Qwen2.5-7B-Instruct,0.227
gun-control,Llama-3.2-1B-Instruct,Llama-3.2-3B-Instruct,0.176
gun-control,Llama-3.2-1B-Instruct,Qwen2.5-14B-Instruct,0.259
gun-control,Llama-3.2-1B-Instruct,Qwen2.5-72B-Instruct,0.257
gun-control,Llama-3.2-1B-Instruct,Qwen2.5-7B-Instruct,0.232
gun-control,Llama-3.2-3B-Instruct,Qwen2.5-14B-Instruct,0.245
gun-control,Llama-3.2-3B-Instruct,Qwen2.5-72B-Instruct,0.227
gun-control,Llama-3.2-3B-Instruct,Qwen2.5-7B-Instruct,0.211
gun-control,Qwen2.5-14B-Instruct,Qwen2.5-72B-Instruct,0.167
gun-control,Qwen2.5-14B-Instruct,Qwen2.5-7B-Instruct,0.174
gun-control,Qwen2.5-72B-Instruct,Qwen2.5-7B-Instruct,0.182
gun-rights,Apertus-8B-Instruct-2509,Llama-3.1-70B-Instruct,0.256
gun-rights,Apertus-8B-Instruct-2509,Llama-3.1-8B-Instruct,0.243
gun-rights,Apertus-8B-Instruct-2509,Llama-3.2-1B-Instruct,0.337
gun-rights,Apertus-8B-Instruct-2509,Llama-3.2-3B-Instruct,0.272
gun-rights,Apertus-8B-Instruct-2509,Qwen2.5-14B-Instruct,0.275
gun-rights,Apertus-8B-Instruct-2509,Qwen2.5-72B-Instruct,0.242
gun-rights,Apertus-8B-Instruct-2509,Qwen2.5-7B-Instruct,0.241
gun-rights,Llama-3.1-70B-Instruct,Llama-3.1-8B-Instruct,0.186
gun-rights,Llama-3.1-70B-Instruct,Llama-3.2-1B-Instruct,0.269
gun-rights,Llama-3.1-70B-Instruct,Llama-3.2-3B-Instruct,0.205
gun-rights,Llama-3.1-70B-Instruct,Qwen2.5-14B-Instruct,0.291
gun-rights,Llama-3.1-70B-Instruct,Qwen2.5-72B-Instruct,0.245
gun-rights,Llama-3.1-70B-Instruct,Qwen2.5-7B-Instruct,0.246
gun-rights,Llama-3.1-8B-Instruct,Llama-3.2-1B-Instruct,0.296
gun-rights,Llama-3.1-8B-Instruct,Llama-3.2-3B-Instruct,0.215
gun-rights,Llama-3.1-8B-Instruct,Qwen2.5-14B-Instruct,0.297
gun-rights,Llama-3.1-8B-Instruct,Qwen2.5-72B-Instruct,0.239
gun-rights,Llama-3.1-8B-Instruct,Qwen2.5-7B-Instruct,0.251
gun-rights,Llama-3.2-1B-Instruct,Llama-3.2-3B-Instruct,0.277
gun-rights,Llama-3.2-1B-Instruct,Qwen2.5-14B-Instruct,0.353
gun-rights,Llama-3.2-1B-Instruct,Qwen2.5-72B-Instruct,0.32
gun-rights,Llama-3.2-1B-Instruct,Qwen2.5-7B-Instruct,0.338
gun-rights,Llama-3.2-3B-Instruct,Qwen2.5-14B-Instruct,0.322
gun-rights,Llama-3.2-3B-Instruct,Qwen2.5-72B-Instruct,0.27
gun-rights,Llama-3.2-3B-Instruct,Qwen2.5-7B-Instruct,0.28
gun-rights,Qwen2.5-14B-Instruct,Qwen2.5-72B-Instruct,0.248
gun-rights,Qwen2.5-14B-Instruct,Qwen2.5-7B-Instruct,0.248
gun-rights,Qwen2.5-72B-Instruct,Qwen2.5-7B-Instruct,0.217
gun-violence,Apertus-8B-Instruct-2509,Llama-3.1-70B-Instruct,0.293
gun-violence,Apertus-8B-Instruct-2509,Llama-3.1-8B-Instruct,0.287
gun-violence,Apertus-8B-Instruct-2509,Llama-3.2-1B-Instruct,0.308
gun-violence,Apertus-8B-Instruct-2509,Llama-3.2-3B-Instruct,0.289
gun-violence,Apertus-8B-Instruct-2509,Qwen2.5-14B-Instruct,0.29
gun-violence,Apertus-8B-Instruct-2509,Qwen2.5-72B-Instruct,0.291
gun-violence,Apertus-8B-Instruct-2509,Qwen2.5-7B-Instruct,0.285
gun-violence,Llama-3.1-70B-Instruct,Llama-3.1-8B-Instruct,0.197
gun-violence,Llama-3.1-70B-Instruct,Llama-3.2-1B-Instruct,0.271
gun-violence,Llama-3.1-70B-Instruct,Llama-3.2-3B-Instruct,0.223
gun-violence,Llama-3.1-70B-Instruct,Qwen2.5-14B-Instruct,0.294
gun-violence,Llama-3.1-70B-Instruct,Qwen2.5-72B-Instruct,0.268
gun-violence,Llama-3.1-70B-Instruct,Qwen2.5-7B-Instruct,0.276
gun-violence,Llama-3.1-8B-Instruct,Llama-3.2-1B-Instruct,0.272
gun-violence,Llama-3.1-8B-Instruct,Llama-3.2-3B-Instruct,0.199
gun-violence,Llama-3.1-8B-Instruct,Qwen2.5-14B-Instruct,0.313
gun-violence,Llama-3.1-8B-Instruct,Qwen2.5-72B-Instruct,0.282
gun-violence,Llama-3.1-8B-Instruct,Qwen2.5-7B-Instruct,0.286
gun-violence,Llama-3.2-1B-Instruct,Llama-3.2-3B-Instruct,0.242
gun-violence,Llama-3.2-1B-Instruct,Qwen2.5-14B-Instruct,0.364
gun-violence,Llama-3.2-1B-Instruct,Qwen2.5-72B-Instruct,0.334
gun-violence,Llama-3.2-1B-Instruct,Qwen2.5-7B-Instruct,0.303
gun-violence,Llama-3.2-3B-Instruct,Qwen2.5-14B-Instruct,0.339
gun-violence,Llama-3.2-3B-Instruct,Qwen2.5-72B-Instruct,0.3
gun-violence,Llama-3.2-3B-Instruct,Qwen2.5-7B-Instruct,0.28
gun-violence,Qwen2.5-14B-Instruct,Qwen2.5-72B-Instruct,0.232
gun-violence,Qwen2.5-14B-Instruct,Qwen2.5-7B-Instruct,0.256
gun-violence,Qwen2.5-72B-Instruct,Qwen2.5-7B-Instruct,0.235
inequality-inequity,Apertus-8B-Instruct-2509,Llama-3.1-70B-Instruct,0.265
inequality-inequity,Apertus-8B-Instruct-2509,Llama-3.1-8B-Instruct,0.286
inequality-inequity,Apertus-8B-Instruct-2509,Llama-3.2-1B-Instruct,0.356
inequality-inequity,Apertus-8B-Instruct-2509,Llama-3.2-3B-Instruct,0.313
inequality-inequity,Apertus-8B-Instruct-2509,Qwen2.5-14B-Instruct,0.325
inequality-inequity,Apertus-8B-Instruct-2509,Qwen2.5-72B-Instruct,0.289
inequality-inequity,Apertus-8B-Instruct-2509,Qwen2.5-7B-Instruct,0.313
inequality-inequity,Llama-3.1-70B-Instruct,Llama-3.1-8B-Instruct,0.204
inequality-inequity,Llama-3.1-70B-Instruct,Llama-3.2-1B-Instruct,0.252
inequality-inequity,Llama-3.1-70B-Instruct,Llama-3.2-3B-Instruct,0.219
inequality-inequity,Llama-3.1-70B-Instruct,Qwen2.5-14B-Instruct,0.302
inequality-inequity,Llama-3.1-70B-Instruct,Qwen2.5-72B-Instruct,0.271
inequality-inequity,Llama-3.1-70B-Instruct,Qwen2.5-7B-Instruct,0.283
inequality-inequity,Llama-3.1-8B-Instruct,Llama-3.2-1B-Instruct,0.276
inequality-inequity,Llama-3.1-8B-Instruct,Llama-3.2-3B-Instruct,0.227
inequality-inequity,Llama-3.1-8B-Instruct,Qwen2.5-14B-Instruct,0.332
inequality-inequity,Llama-3.1-8B-Instruct,Qwen2.5-72B-Instruct,0.298
inequality-inequity,Llama-3.1-8B-Instruct,Qwen2.5-7B-Instruct,0.314
inequality-inequity,Llama-3.2-1B-Instruct,Llama-3.2-3B-Instruct,0.235
inequality-inequity,Llama-3.2-1B-Instruct,Qwen2.5-14B-Instruct,0.37
inequality-inequity,Llama-3.2-1B-Instruct,Qwen2.5-72B-Instruct,0.352
inequality-inequity,Llama-3.2-1B-Instruct,Qwen2.5-7B-Instruct,0.343
inequality-inequity,Llama-3.2-3B-Instruct,Qwen2.5-14B-Instruct,0.334
inequality-inequity,Llama-3.2-3B-Instruct,Qwen2.5-72B-Instruct,0.321
inequality-inequity,Llama-3.2-3B-Instruct,Qwen2.5-7B-Instruct,0.311
inequality-inequity,Qwen2.5-14B-Instruct,Qwen2.5-72B-Instruct,0.252
inequality-inequity,Qwen2.5-14B-Instruct,Qwen2.5-7B-Instruct,0.257
inequality-inequity,Qwen2.5-72B-Instruct,Qwen2.5-7B-Instruct,0.235
libertarianism-libertarian-party,Apertus-8B-Instruct-2509,Llama-3.1-70B-Instruct,0.236
libertarianism-libertarian-party,Apertus-8B-Instruct-2509,Llama-3.1-8B-Instruct,0.249
libertarianism-libertarian-party,Apertus-8B-Instruct-2509,Llama-3.2-1B-Instruct,0.268
libertarianism-libertarian-party,Apertus-8B-Instruct-2509,Llama-3.2-3B-Instruct,0.212
libertarianism-libertarian-party,Apertus-8B-Instruct-2509,Qwen2.5-14B-Instruct,0.271
libertarianism-libertarian-party,Apertus-8B-Instruct-2509,Qwen2.5-72B-Instruct,0.275
libertarianism-libertarian-party,Apertus-8B-Instruct-2509,Qwen2.5-7B-Instruct,0.256
libertarianism-libertarian-party,Llama-3.1-70B-Instruct,Llama-3.1-8B-Instruct,0.17
libertarianism-libertarian-party,Llama-3.1-70B-Instruct,Llama-3.2-1B-Instruct,0.231
libertarianism-libertarian-party,Llama-3.1-70B-Instruct,Llama-3.2-3B-Instruct,0.173
libertarianism-libertarian-party,Llama-3.1-70B-Instruct,Qwen2.5-14B-Instruct,0.256
libertarianism-libertarian-party,Llama-3.1-70B-Instruct,Qwen2.5-72B-Instruct,0.252
libertarianism-libertarian-party,Llama-3.1-70B-Instruct,Qwen2.5-7B-Instruct,0.27
libertarianism-libertarian-party,Llama-3.1-8B-Instruct,Llama-3.2-1B-Instruct,0.236
libertarianism-libertarian-party,Llama-3.1-8B-Instruct,Llama-3.2-3B-Instruct,0.205
libertarianism-libertarian-party,Llama-3.1-8B-Instruct,Qwen2.5-14B-Instruct,0.277
libertarianism-libertarian-party,Llama-3.1-8B-Instruct,Qwen2.5-72B-Instruct,0.276
libertarianism-libertarian-party,Llama-3.1-8B-Instruct,Qwen2.5-7B-Instruct,0.282
libertarianism-libertarian-party,Llama-3.2-1B-Instruct,Llama-3.2-3B-Instruct,0.231
libertarianism-libertarian-party,Llama-3.2-1B-Instruct,Qwen2.5-14B-Instruct,0.321
libertarianism-libertarian-party,Llama-3.2-1B-Instruct,Qwen2.5-72B-Instruct,0.325
libertarianism-libertarian-party,Llama-3.2-1B-Instruct,Qwen2.5-7B-Instruct,0.323
libertarianism-libertarian-party,Llama-3.2-3B-Instruct,Qwen2.5-14B-Instruct,0.257
libertarianism-libertarian-party,Llama-3.2-3B-Instruct,Qwen2.5-72B-Instruct,0.246
libertarianism-libertarian-party,Llama-3.2-3B-Instruct,Qwen2.5-7B-Instruct,0.262
libertarianism-libertarian-party,Qwen2.5-14B-Instruct,Qwen2.5-72B-Instruct,0.224
libertarianism-libertarian-party,Qwen2.5-14B-Instruct,Qwen2.5-7B-Instruct,0.22
libertarianism-libertarian-party,Qwen2.5-72B-Instruct,Qwen2.5-7B-Instruct,0.254
marijuana,Apertus-8B-Instruct-2509,Llama-3.1-70B-Instruct,0.217
marijuana,Apertus-8B-Instruct-2509,Llama-3.1-8B-Instruct,0.252
marijuana,Apertus-8B-Instruct-2509,Llama-3.2-1B-Instruct,0.29
marijuana,Apertus-8B-Instruct-2509,Llama-3.2-3B-Instruct,0.247
marijuana,Apertus-8B-Instruct-2509,Qwen2.5-14B-Instruct,0.285
marijuana,Apertus-8B-Instruct-2509,Qwen2.5-72B-Instruct,0.309
marijuana,Apertus-8B-Instruct-2509,Qwen2.5-7B-Instruct,0.289
marijuana,Llama-3.1-70B-Instruct,Llama-3.1-8B-Instruct,0.171
marijuana,Llama-3.1-70B-Instruct,Llama-3.2-1B-Instruct,0.237
marijuana,Llama-3.1-70B-Instruct,Llama-3.2-3B-Instruct,0.181
marijuana,Llama-3.1-70B-Instruct,Qwen2.5-14B-Instruct,0.263
marijuana,Llama-3.1-70B-Instruct,Qwen2.5-72B-Instruct,0.299
marijuana,Llama-3.1-70B-Instruct,Qwen2.5-7B-Instruct,0.254
marijuana,Llama-3.1-8B-Instruct,Llama-3.2-1B-Instruct,0.275
marijuana,Llama-3.1-8B-Instruct,Llama-3.2-3B-Instruct,0.215
marijuana,Llama-3.1-8B-Instruct,Qwen2.5-14B-Instruct,0.31
marijuana,Llama-3.1-8B-Instruct,Qwen2.5-72B-Instruct,0.329
marijuana,Llama-3.1-8B-Instruct,Qwen2.5-7B-Instruct,0.3
marijuana,Llama-3.2-1B-Instruct,Llama-3.2-3B-Instruct,0.257
marijuana,Llama-3.2-1B-Instruct,Qwen2.5-14B-Instruct,0.328
marijuana,Llama-3.2-1B-Instruct,Qwen2.5-72B-Instruct,0.399
marijuana,Llama-3.2-1B-Instruct,Qwen2.5-7B-Instruct,0.292
marijuana,Llama-3.2-3B-Instruct,Qwen2.5-14B-Instruct,0.282
marijuana,Llama-3.2-3B-Instruct,Qwen2.5-72B-Instruct,0.314
marijuana,Llama-3.2-3B-Instruct,Qwen2.5-7B-Instruct,0.258
marijuana,Qwen2.5-14B-Instruct,Qwen2.5-72B-Instruct,0.308
marijuana,Qwen2.5-14B-Instruct,Qwen2.5-7B-Instruct,0.245
marijuana,Qwen2.5-72B-Instruct,Qwen2.5-7B-Instruct,0.313
mental-health,Apertus-8B-Instruct-2509,Llama-3.1-70B-Instruct,0.256
mental-health,Apertus-8B-Instruct-2509,Llama-3.1-8B-Instruct,0.286
mental-health,Apertus-8B-Instruct-2509,Llama-3.2-1B-Instruct,0.278
mental-health,Apertus-8B-Instruct-2509,Llama-3.2-3B-Instruct,0.241
mental-health,Apertus-8B-Instruct-2509,Qwen2.5-14B-Instruct,0.31
mental-health,Apertus-8B-Instruct-2509,Qwen2.5-72B-Instruct,0.412
mental-health,Apertus-8B-Instruct-2509,Qwen2.5-7B-Instruct,0.311
mental-health,Llama-3.1-70B-Instruct,Llama-3.1-8B-Instruct,0.205
mental-health,Llama-3.1-70B-Instruct,Llama-3.2-1B-Instruct,0.261
mental-health,Llama-3.1-70B-Instruct,Llama-3.2-3B-Instruct,0.194
mental-health,Llama-3.1-70B-Instruct,Qwen2.5-14B-Instruct,0.296
mental-health,Llama-3.1-70B-Instruct,Qwen2.5-72B-Instruct,0.357
mental-health,Llama-3.1-70B-Instruct,Qwen2.5-7B-Instruct,0.325
mental-health,Llama-3.1-8B-Instruct,Llama-3.2-1B-Instruct,0.29
mental-health,Llama-3.1-8B-Instruct,Llama-3.2-3B-Instruct,0.229
mental-health,Llama-3.1-8B-Instruct,Qwen2.5-14B-Instruct,0.35
mental-health,Llama-3.1-8B-Instruct,Qwen2.5-72B-Instruct,0.405
mental-health,Llama-3.1-8B-Instruct,Qwen2.5-7B-Instruct,0.353
mental-health,Llama-3.2-1B-Instruct,Llama-3.2-3B-Instruct,0.264
mental-health,Llama-3.2-1B-Instruct,Qwen2.5-14B-Instruct,0.36
mental-health,Llama-3.2-1B-Instruct,Qwen2.5-72B-Instruct,0.417
mental-health,Llama-3.2-1B-Instruct,Qwen2.5-7B-Instruct,0.352
mental-health,Llama-3.2-3B-Instruct,Qwen2.5-14B-Instruct,0.336
mental-health,Llama-3.2-3B-Instruct,Qwen2.5-72B-Instruct,0.342
mental-health,Llama-3.2-3B-Instruct,Qwen2.5-7B-Instruct,0.326
mental-health,Qwen2.5-14B-Instruct,Qwen2.5-72B-Instruct,0.354
mental-health,Qwen2.5-14B-Instruct,Qwen2.5-7B-Instruct,0.295
mental-health,Qwen2.5-72B-Instruct,Qwen2.5-7B-Instruct,0.358
national-defense-national-security,Apertus-8B-Instruct-2509,Llama-3.1-70B-Instruct,0.27
national-defense-national-security,Apertus-8B-Instruct-2509,Llama-3.1-8B-Instruct,0.275
national-defense-national-security,Apertus-8B-Instruct-2509,Llama-3.2-1B-Instruct,0.296
national-defense-national-security,Apertus-8B-Instruct-2509,Llama-3.2-3B-Instruct,0.264
national-defense-national-security,Apertus-8B-Instruct-2509,Qwen2.5-14B-Instruct,0.286
national-defense-national-security,Apertus-8B-Instruct-2509,Qwen2.5-72B-Instruct,0.326
national-defense-national-security,Apertus-8B-Instruct-2509,Qwen2.5-7B-Instruct,0.31
national-defense-national-security,Llama-3.1-70B-Instruct,Llama-3.1-8B-Instruct,0.196
national-defense-national-security,Llama-3.1-70B-Instruct,Llama-3.2-1B-Instruct,0.243
national-defense-national-security,Llama-3.1-70B-Instruct,Llama-3.2-3B-Instruct,0.203
national-defense-national-security,Llama-3.1-70B-Instruct,Qwen2.5-14B-Instruct,0.244
national-defense-national-security,Llama-3.1-70B-Instruct,Qwen2.5-72B-Instruct,0.258
national-defense-national-security,Llama-3.1-70B-Instruct,Qwen2.5-7B-Instruct,0.257
national-defense-national-security,Llama-3.1-8B-Instruct,Llama-3.2-1B-Instruct,0.283
national-defense-national-security,Llama-3.1-8B-Instruct,Llama-3.2-3B-Instruct,0.243
national-defense-national-security,Llama-3.1-8B-Instruct,Qwen2.5-14B-Instruct,0.283
national-defense-national-security,Llama-3.1-8B-Instruct,Qwen2.5-72B-Instruct,0.289
national-defense-national-security,Llama-3.1-8B-Instruct,Qwen2.5-7B-Instruct,0.294
national-defense-national-security,Llama-3.2-1B-Instruct,Llama-3.2-3B-Instruct,0.234
national-defense-national-security,Llama-3.2-1B-Instruct,Qwen2.5-14B-Instruct,0.335
national-defense-national-security,Llama-3.2-1B-Instruct,Qwen2.5-72B-Instruct,0.295
national-defense-national-security,Llama-3.2-1B-Instruct,Qwen2.5-7B-Instruct,0.299
national-defense-national-security,Llama-3.2-3B-Instruct,Qwen2.5-14B-Instruct,0.283
national-defense-national-security,Llama-3.2-3B-Instruct,Qwen2.5-72B-Instruct,0.298
national-defense-national-security,Llama-3.2-3B-Instruct,Qwen2.5-7B-Instruct,0.278
national-defense-national-security,Qwen2.5-14B-Instruct,Qwen2.5-72B-Instruct,0.297
national-defense-national-security,Qwen2.5-14B-Instruct,Qwen2.5-7B-Instruct,0.255
national-defense-national-security,Qwen2.5-72B-Instruct,Qwen2.5-7B-Instruct,0.279
patriotism-patriotic-patriot,Apertus-8B-Instruct-2509,Llama-3.1-70B-Instruct,0.321
patriotism-patriotic-patriot,Apertus-8B-Instruct-2509,Llama-3.1-8B-Instruct,0.338
patriotism-patriotic-patriot,Apertus-8B-Instruct-2509,Llama-3.2-1B-Instruct,0.414
patriotism-patriotic-patriot,Apertus-8B-Instruct-2509,Llama-3.2-3B-Instruct,0.333
patriotism-patriotic-patriot,Apertus-8B-Instruct-2509,Qwen2.5-14B-Instruct,0.347
patriotism-patriotic-patriot,Apertus-8B-Instruct-2509,Qwen2.5-72B-Instruct,0.381
patriotism-patriotic-patriot,Apertus-8B-Instruct-2509,Qwen2.5-7B-Instruct,0.327
patriotism-patriotic-patriot,Llama-3.1-70B-Instruct,Llama-3.1-8B-Instruct,0.224
patriotism-patriotic-patriot,Llama-3.1-70B-Instruct,Llama-3.2-1B-Instruct,0.327
patriotism-patriotic-patriot,Llama-3.1-70B-Instruct,Llama-3.2-3B-Instruct,0.237
patriotism-patriotic-patriot,Llama-3.1-70B-Instruct,Qwen2.5-14B-Instruct,0.324
patriotism-patriotic-patriot,Llama-3.1-70B-Instruct,Qwen2.5-72B-Instruct,0.318
patriotism-patriotic-patriot,Llama-3.1-70B-Instruct,Qwen2.5-7B-Instruct,0.316
patriotism-patriotic-patriot,Llama-3.1-8B-Instruct,Llama-3.2-1B-Instruct,0.31
patriotism-patriotic-patriot,Llama-3.1-8B-Instruct,Llama-3.2-3B-Instruct,0.236
patriotism-patriotic-patriot,Llama-3.1-8B-Instruct,Qwen2.5-14B-Instruct,0.319
patriotism-patriotic-patriot,Llama-3.1-8B-Instruct,Qwen2.5-72B-Instruct,0.327
patriotism-patriotic-patriot,Llama-3.1-8B-Instruct,Qwen2.5-7B-Instruct,0.323
patriotism-patriotic-patriot,Llama-3.2-1B-Instruct,Llama-3.2-3B-Instruct,0.295
patriotism-patriotic-patriot,Llama-3.2-1B-Instruct,Qwen2.5-14B-Instruct,0.39
patriotism-patriotic-patriot,Llama-3.2-1B-Instruct,Qwen2.5-72B-Instruct,0.386
patriotism-patriotic-patriot,Llama-3.2-1B-Instruct,Qwen2.5-7B-Instruct,0.383
patriotism-patriotic-patriot,Llama-3.2-3B-Instruct,Qwen2.5-14B-Instruct,0.341
patriotism-patriotic-patriot,Llama-3.2-3B-Instruct,Qwen2.5-72B-Instruct,0.348
patriotism-patriotic-patriot,Llama-3.2-3B-Instruct,Qwen2.5-7B-Instruct,0.332
patriotism-patriotic-patriot,Qwen2.5-14B-Instruct,Qwen2.5-72B-Instruct,0.287
patriotism-patriotic-patriot,Qwen2.5-14B-Instruct,Qwen2.5-7B-Instruct,0.266
patriotism-patriotic-patriot,Qwen2.5-72B-Instruct,Qwen2.5-7B-Instruct,0.289
police-brutality,Apertus-8B-Instruct-2509,Llama-3.1-70B-Instruct,0.337
police-brutality,Apertus-8B-Instruct-2509,Llama-3.1-8B-Instruct,0.318
police-brutality,Apertus-8B-Instruct-2509,Llama-3.2-1B-Instruct,0.283
police-brutality,Apertus-8B-Instruct-2509,Llama-3.2-3B-Instruct,0.319
police-brutality,Apertus-8B-Instruct-2509,Qwen2.5-14B-Instruct,0.308
police-brutality,Apertus-8B-Instruct-2509,Qwen2.5-72B-Instruct,0.328
police-brutality,Apertus-8B-Instruct-2509,Qwen2.5-7B-Instruct,0.289
police-brutality,Llama-3.1-70B-Instruct,Llama-3.1-8B-Instruct,0.224
police-brutality,Llama-3.1-70B-Instruct,Llama-3.2-1B-Instruct,0.31
police-brutality,Llama-3.1-70B-Instruct,Llama-3.2-3B-Instruct,0.237
police-brutality,Llama-3.1-70B-Instruct,Qwen2.5-14B-Instruct,0.333
police-brutality,Llama-3.1-70B-Instruct,Qwen2.5-72B-Instruct,0.275
police-brutality,Llama-3.1-70B-Instruct,Qwen2.5-7B-Instruct,0.361
police-brutality,Llama-3.1-8B-Instruct,Llama-3.2-1B-Instruct,0.299
police-brutality,Llama-3.1-8B-Instruct,Llama-3.2-3B-Instruct,0.224
police-brutality,Llama-3.1-8B-Instruct,Qwen2.5-14B-Instruct,0.311
police-brutality,Llama-3.1-8B-Instruct,Qwen2.5-72B-Instruct,0.298
police-brutality,Llama-3.1-8B-Instruct,Qwen2.5-7B-Instruct,0.349
police-brutality,Llama-3.2-1B-Instruct,Llama-3.2-3B-Instruct,0.283
police-brutality,Llama-3.2-1B-Instruct,Qwen2.5-14B-Instruct,0.344
police-brutality,Llama-3.2-1B-Instruct,Qwen2.5-72B-Instruct,0.341
police-brutality,Llama-3.2-1B-Instruct,Qwen2.5-7B-Instruct,0.347
police-brutality,Llama-3.2-3B-Instruct,Qwen2.5-14B-Instruct,0.324
police-brutality,Llama-3.2-3B-Instruct,Qwen2.5-72B-Instruct,0.275
police-brutality,Llama-3.2-3B-Instruct,Qwen2.5-7B-Instruct,0.344
police-brutality,Qwen2.5-14B-Instruct,Qwen2.5-72B-Instruct,0.27
police-brutality,Qwen2.5-14B-Instruct,Qwen2.5-7B-Instruct,0.291
police-brutality,Qwen2.5-72B-Instruct,Qwen2.5-7B-Instruct,0.352
religion-religious,Apertus-8B-Instruct-2509,Llama-3.1-70B-Instruct,0.311
religion-religious,Apertus-8B-Instruct-2509,Llama-3.1-8B-Instruct,0.306
religion-religious,Apertus-8B-Instruct-2509,Llama-3.2-1B-Instruct,0.355
religion-religious,Apertus-8B-Instruct-2509,Llama-3.2-3B-Instruct,0.333
religion-religious,Apertus-8B-Instruct-2509,Qwen2.5-14B-Instruct,0.372
religion-religious,Apertus-8B-Instruct-2509,Qwen2.5-72B-Instruct,0.298
religion-religious,Apertus-8B-Instruct-2509,Qwen2.5-7B-Instruct,0.36
religion-religious,Llama-3.1-70B-Instruct,Llama-3.1-8B-Instruct,0.222
religion-religious,Llama-3.1-70B-Instruct,Llama-3.2-1B-Instruct,0.28
religion-religious,Llama-3.1-70B-Instruct,Llama-3.2-3B-Instruct,0.261
religion-religious,Llama-3.1-70B-Instruct,Qwen2.5-14B-Instruct,0.31
religion-religious,Llama-3.1-70B-Instruct,Qwen2.5-72B-Instruct,0.253
religion-religious,Llama-3.1-70B-Instruct,Qwen2.5-7B-Instruct,0.306
religion-religious,Llama-3.1-8B-Instruct,Llama-3.2-1B-Instruct,0.304
religion-religious,Llama-3.1-8B-Instruct,Llama-3.2-3B-Instruct,0.285
religion-religious,Llama-3.1-8B-Instruct,Qwen2.5-14B-Instruct,0.333
religion-religious,Llama-3.1-8B-Instruct,Qwen2.5-72B-Instruct,0.294
religion-religious,Llama-3.1-8B-Instruct,Qwen2.5-7B-Instruct,0.33
religion-religious,Llama-3.2-1B-Instruct,Llama-3.2-3B-Instruct,0.319
religion-religious,Llama-3.2-1B-Instruct,Qwen2.5-14B-Instruct,0.366
religion-religious,Llama-3.2-1B-Instruct,Qwen2.5-72B-Instruct,0.331
religion-religious,Llama-3.2-1B-Instruct,Qwen2.5-7B-Instruct,0.353
religion-religious,Llama-3.2-3B-Instruct,Qwen2.5-14B-Instruct,0.368
religion-religious,Llama-3.2-3B-Instruct,Qwen2.5-72B-Instruct,0.321
religion-religious,Llama-3.2-3B-Instruct,Qwen2.5-7B-Instruct,0.367
religion-religious,Qwen2.5-14B-Instruct,Qwen2.5-72B-Instruct,0.25
religion-religious,Qwen2.5-14B-Instruct,Qwen2.5-7B-Instruct,0.26
religion-religious,Qwen2.5-72B-Instruct,Qwen2.5-7B-Instruct,0.278
school-choice,Apertus-8B-Instruct-2509,Llama-3.1-70B-Instruct,0.266
school-choice,Apertus-8B-Instruct-2509,Llama-3.1-8B-Instruct,0.282
school-choice,Apertus-8B-Instruct-2509,Llama-3.2-1B-Instruct,0.276
school-choice,Apertus-8B-Instruct-2509,Llama-3.2-3B-Instruct,0.253
school-choice,Apertus-8B-Instruct-2509,Qwen2.5-14B-Instruct,0.325
school-choice,Apertus-8B-Instruct-2509,Qwen2.5-72B-Instruct,0.331
school-choice,Apertus-8B-Instruct-2509,Qwen2.5-7B-Instruct,0.292
school-choice,Llama-3.1-70B-Instruct,Llama-3.1-8B-Instruct,0.212
school-choice,Llama-3.1-70B-Instruct,Llama-3.2-1B-Instruct,0.217
school-choice,Llama-3.1-70B-Instruct,Llama-3.2-3B-Instruct,0.217
school-choice,Llama-3.1-70B-Instruct,Qwen2.5-14B-Instruct,0.286
school-choice,Llama-3.1-70B-Instruct,Qwen2.5-72B-Instruct,0.266
school-choice,Llama-3.1-70B-Instruct,Qwen2.5-7B-Instruct,0.295
school-choice,Llama-3.1-8B-Instruct,Llama-3.2-1B-Instruct,0.251
school-choice,Llama-3.1-8B-Instruct,Llama-3.2-3B-Instruct,0.225
school-choice,Llama-3.1-8B-Instruct,Qwen2.5-14B-Instruct,0.316
school-choice,Llama-3.1-8B-Instruct,Qwen2.5-72B-Instruct,0.303
school-choice,Llama-3.1-8B-Instruct,Qwen2.5-7B-Instruct,0.331
school-choice,Llama-3.2-1B-Instruct,Llama-3.2-3B-Instruct,0.261
school-choice,Llama-3.2-1B-Instruct,Qwen2.5-14B-Instruct,0.335
school-choice,Llama-3.2-1B-Instruct,Qwen2.5-72B-Instruct,0.328
school-choice,Llama-3.2-1B-Instruct,Qwen2.5-7B-Instruct,0.319
school-choice,Llama-3.2-3B-Instruct,Qwen2.5-14B-Instruct,0.299
school-choice,Llama-3.2-3B-Instruct,Qwen2.5-72B-Instruct,0.29
school-choice,Llama-3.2-3B-Instruct,Qwen2.5-7B-Instruct,0.307
school-choice,Qwen2.5-14B-Instruct,Qwen2.5-72B-Instruct,0.256
school-choice,Qwen2.5-14B-Instruct,Qwen2.5-7B-Instruct,0.268
school-choice,Qwen2.5-72B-Instruct,Qwen2.5-7B-Instruct,0.266
scientific,Apertus-8B-Instruct-2509,Llama-3.1-70B-Instruct,0.324
scientific,Apertus-8B-Instruct-2509,Llama-3.1-8B-Instruct,0.339
scientific,Apertus-8B-Instruct-2509,Llama-3.2-1B-Instruct,0.365
scientific,Apertus-8B-Instruct-2509,Llama-3.2-3B-Instruct,0.297
scientific,Apertus-8B-Instruct-2509,Qwen2.5-14B-Instruct,0.31
scientific,Apertus-8B-Instruct-2509,Qwen2.5-72B-Instruct,0.319
scientific,Apertus-8B-Instruct-2509,Qwen2.5-7B-Instruct,0.354
scientific,Llama-3.1-70B-Instruct,Llama-3.1-8B-Instruct,0.248
scientific,Llama-3.1-70B-Instruct,Llama-3.2-1B-Instruct,0.326
scientific,Llama-3.1-70B-Instruct,Llama-3.2-3B-Instruct,0.275
scientific,Llama-3.1-70B-Instruct,Qwen2.5-14B-Instruct,0.334
scientific,Llama-3.1-70B-Instruct,Qwen2.5-72B-Instruct,0.308
scientific,Llama-3.1-70B-Instruct,Qwen2.5-7B-Instruct,0.327
scientific,Llama-3.1-8B-Instruct,Llama-3.2-1B-Instruct,0.338
scientific,Llama-3.1-8B-Instruct,Llama-3.2-3B-Instruct,0.29
scientific,Llama-3.1-8B-Instruct,Qwen2.5-14B-Instruct,0.375
scientific,Llama-3.1-8B-Instruct,Qwen2.5-72B-Instruct,0.339
scientific,Llama-3.1-8B-Instruct,Qwen2.5-7B-Instruct,0.348
scientific,Llama-3.2-1B-Instruct,Llama-3.2-3B-Instruct,0.287
scientific,Llama-3.2-1B-Instruct,Qwen2.5-14B-Instruct,0.404
scientific,Llama-3.2-1B-Instruct,Qwen2.5-72B-Instruct,0.377
scientific,Llama-3.2-1B-Instruct,Qwen2.5-7B-Instruct,0.387
scientific,Llama-3.2-3B-Instruct,Qwen2.5-14B-Instruct,0.333
scientific,Llama-3.2-3B-Instruct,Qwen2.5-72B-Instruct,0.31
scientific,Llama-3.2-3B-Instruct,Qwen2.5-7B-Instruct,0.337
scientific,Qwen2.5-14B-Instruct,Qwen2.5-72B-Instruct,0.287
scientific,Qwen2.5-14B-Instruct,Qwen2.5-7B-Instruct,0.257
scientific,Qwen2.5-72B-Instruct,Qwen2.5-7B-Instruct,0.288
social-justice,Apertus-8B-Instruct-2509,Llama-3.1-70B-Instruct,0.271
social-justice,Apertus-8B-Instruct-2509,Llama-3.1-8B-Instruct,0.298
social-justice,Apertus-8B-Instruct-2509,Llama-3.2-1B-Instruct,0.306
social-justice,Apertus-8B-Instruct-2509,Llama-3.2-3B-Instruct,0.325
social-justice,Apertus-8B-Instruct-2509,Qwen2.5-14B-Instruct,0.319
social-justice,Apertus-8B-Instruct-2509,Qwen2.5-72B-Instruct,0.327
social-justice,Apertus-8B-Instruct-2509,Qwen2.5-7B-Instruct,0.386
social-justice,Llama-3.1-70B-Instruct,Llama-3.1-8B-Instruct,0.223
social-justice,Llama-3.1-70B-Instruct,Llama-3.2-1B-Instruct,0.277
social-justice,Llama-3.1-70B-Instruct,Llama-3.2-3B-Instruct,0.223
social-justice,Llama-3.1-70B-Instruct,Qwen2.5-14B-Instruct,0.352
social-justice,Llama-3.1-70B-Instruct,Qwen2.5-72B-Instruct,0.32
social-justice,Llama-3.1-70B-Instruct,Qwen2.5-7B-Instruct,0.383
social-justice,Llama-3.1-8B-Instruct,Llama-3.2-1B-Instruct,0.28
social-justice,Llama-3.1-8B-Instruct,Llama-3.2-3B-Instruct,0.245
social-justice,Llama-3.1-8B-Instruct,Qwen2.5-14B-Instruct,0.335
social-justice,Llama-3.1-8B-Instruct,Qwen2.5-72B-Instruct,0.339
social-justice,Llama-3.1-8B-Instruct,Qwen2.5-7B-Instruct,0.382
social-justice,Llama-3.2-1B-Instruct,Llama-3.2-3B-Instruct,0.288
social-justice,Llama-3.2-1B-Instruct,Qwen2.5-14B-Instruct,0.371
social-justice,Llama-3.2-1B-Instruct,Qwen2.5-72B-Instruct,0.353
social-justice,Llama-3.2-1B-Instruct,Qwen2.5-7B-Instruct,0.404
social-justice,Llama-3.2-3B-Instruct,Qwen2.5-14B-Instruct,0.369
social-justice,Llama-3.2-3B-Instruct,Qwen2.5-72B-Instruct,0.367
social-justice,Llama-3.2-3B-Instruct,Qwen2.5-7B-Instruct,0.412
social-justice,Qwen2.5-14B-Instruct,Qwen2.5-72B-Instruct,0.276
social-justice,Qwen2.5-14B-Instruct,Qwen2.5-7B-Instruct,0.336
social-justice,Qwen2.5-72B-Instruct,Qwen2.5-7B-Instruct,0.326
social-responsibility,Apertus-8B-Instruct-2509,Llama-3.1-70B-Instruct,0.238
social-responsibility,Apertus-8B-Instruct-2509,Llama-3.1-8B-Instruct,0.246
social-responsibility,Apertus-8B-Instruct-2509,Llama-3.2-1B-Instruct,0.236
social-responsibility,Apertus-8B-Instruct-2509,Llama-3.2-3B-Instruct,0.245
social-responsibility,Apertus-8B-Instruct-2509,Qwen2.5-14B-Instruct,0.255
social-responsibility,Apertus-8B-Instruct-2509,Qwen2.5-72B-Instruct,0.251
social-responsibility,Apertus-8B-Instruct-2509,Qwen2.5-7B-Instruct,0.254
social-responsibility,Llama-3.1-70B-Instruct,Llama-3.1-8B-Instruct,0.166
social-responsibility,Llama-3.1-70B-Instruct,Llama-3.2-1B-Instruct,0.204
social-responsibility,Llama-3.1-70B-Instruct,Llama-3.2-3B-Instruct,0.172
social-responsibility,Llama-3.1-70B-Instruct,Qwen2.5-14B-Instruct,0.233
social-responsibility,Llama-3.1-70B-Instruct,Qwen2.5-72B-Instruct,0.22
social-responsibility,Llama-3.1-70B-Instruct,Qwen2.5-7B-Instruct,0.245
social-responsibility,Llama-3.1-8B-Instruct,Llama-3.2-1B-Instruct,0.217
social-responsibility,Llama-3.1-8B-Instruct,Llama-3.2-3B-Instruct,0.183
social-responsibility,Llama-3.1-8B-Instruct,Qwen2.5-14B-Instruct,0.234
social-responsibility,Llama-3.1-8B-Instruct,Qwen2.5-72B-Instruct,0.233
social-responsibility,Llama-3.1-8B-Instruct,Qwen2.5-7B-Instruct,0.242
social-responsibility,Llama-3.2-1B-Instruct,Llama-3.2-3B-Instruct,0.199
social-responsibility,Llama-3.2-1B-Instruct,Qwen2.5-14B-Instruct,0.272
social-responsibility,Llama-3.2-1B-Instruct,Qwen2.5-72B-Instruct,0.273
social-responsibility,Llama-3.2-1B-Instruct,Qwen2.5-7B-Instruct,0.28
social-responsibility,Llama-3.2-3B-Instruct,Qwen2.5-14B-Instruct,0.236
social-responsibility,Llama-3.2-3B-Instruct,Qwen2.5-72B-Instruct,0.244
social-responsibility,Llama-3.2-3B-Instruct,Qwen2.5-7B-Instruct,0.251
social-responsibility,Qwen2.5-14B-Instruct,Qwen2.5-72B-Instruct,0.203
social-responsibility,Qwen2.5-14B-Instruct,Qwen2.5-7B-Instruct,0.194
social-responsibility,Qwen2.5-72B-Instruct,Qwen2.5-7B-Instruct,0.223
stereotypes,Apertus-8B-Instruct-2509,Llama-3.1-70B-Instruct,0.282
stereotypes,Apertus-8B-Instruct-2509,Llama-3.1-8B-Instruct,0.264
stereotypes,Apertus-8B-Instruct-2509,Llama-3.2-1B-Instruct,0.309
stereotypes,Apertus-8B-Instruct-2509,Llama-3.2-3B-Instruct,0.28
stereotypes,Apertus-8B-Instruct-2509,Qwen2.5-14B-Instruct,0.282
stereotypes,Apertus-8B-Instruct-2509,Qwen2.5-72B-Instruct,0.273
stereotypes,Apertus-8B-Instruct-2509,Qwen2.5-7B-Instruct,0.254
stereotypes,Llama-3.1-70B-Instruct,Llama-3.1-8B-Instruct,0.193
stereotypes,Llama-3.1-70B-Instruct,Llama-3.2-1B-Instruct,0.25
stereotypes,Llama-3.1-70B-Instruct,Llama-3.2-3B-Instruct,0.21
stereotypes,Llama-3.1-70B-Instruct,Qwen2.5-14B-Instruct,0.281
stereotypes,Llama-3.1-70B-Instruct,Qwen2.5-72B-Instruct,0.268
stereotypes,Llama-3.1-70B-Instruct,Qwen2.5-7B-Instruct,0.294
stereotypes,Llama-3.1-8B-Instruct,Llama-3.2-1B-Instruct,0.241
stereotypes,Llama-3.1-8B-Instruct,Llama-3.2-3B-Instruct,0.216
stereotypes,Llama-3.1-8B-Instruct,Qwen2.5-14B-Instruct,0.268
stereotypes,Llama-3.1-8B-Instruct,Qwen2.5-72B-Instruct,0.269
stereotypes,Llama-3.1-8B-Instruct,Qwen2.5-7B-Instruct,0.274
stereotypes,Llama-3.2-1B-Instruct,Llama-3.2-3B-Instruct,0.221
stereotypes,Llama-3.2-1B-Instruct,Qwen2.5-14B-Instruct,0.32
stereotypes,Llama-3.2-1B-Instruct,Qwen2.5-72B-Instruct,0.316
stereotypes,Llama-3.2-1B-Instruct,Qwen2.5-7B-Instruct,0.327
stereotypes,Llama-3.2-3B-Instruct,Qwen2.5-14B-Instruct,0.293
stereotypes,Llama-3.2-3B-Instruct,Qwen2.5-72B-Instruct,0.271
stereotypes,Llama-3.2-3B-Instruct,Qwen2.5-7B-Instruct,0.288
stereotypes,Qwen2.5-14B-Instruct,Qwen2.5-72B-Instruct,0.191
stereotypes,Qwen2.5-14B-Instruct,Qwen2.5-7B-Instruct,0.247
stereotypes,Qwen2.5-72B-Instruct,Qwen2.5-7B-Instruct,0.232
